Div,Date,HomeTeam,AwayTeam,FTHG,FTAG,FTR,HS,AS,HST,AST
E0,18/08/12,Arsenal,Sunderland,0,0,D,14,3,4,2
E0,18/08/12,Fulham,Norwich,5,0,H,11,4,9,2
E0,18/08/12,Newcastle,Tottenham,2,1,H,6,12,4,6
E0,18/08/12,QPR,Swansea,0,5,A,20,12,11,8
E0,18/08/12,Reading,Stoke,1,1,D,9,6,3,3
E0,18/08/12,West Brom,Liverpool,3,0,H,15,14,10,7
E0,18/08/12,West Ham,Aston Villa,1,0,H,8,10,4,6
E0,19/08/12,Man City,Southampton,3,2,H,20,9,15,6
E0,19/08/12,Wigan,Chelsea,0,2,A,12,5,4,3
E0,20/08/12,Everton,Man United,1,0,H,16,12,7,7
E0,22/08/12,Chelsea,Reading,4,2,H,23,7,11,5
E0,25/08/12,Aston Villa,Everton,1,3,A,7,19,3,11
E0,25/08/12,Chelsea,Newcastle,2,0,H,11,11,6,5
E0,25/08/12,Man United,Fulham,3,2,H,20,14,11,11
E0,25/08/12,Norwich,QPR,1,1,D,13,6,4,4
E0,25/08/12,Southampton,Wigan,0,2,A,14,12,9,8
E0,25/08/12,Swansea,West Ham,3,0,H,10,7,7,6
E0,25/08/12,Tottenham,West Brom,1,1,D,18,10,10,5
E0,26/08/12,Liverpool,Man City,2,2,D,15,11,8,5
E0,26/08/12,Stoke,Arsenal,0,0,D,7,16,4,6
E0,01/09/12,Man City,QPR,3,1,H,19,9,12,5
E0,01/09/12,Swansea,Sunderland,2,2,D,14,4,10,3
E0,01/09/12,Tottenham,Norwich,1,1,D,15,10,9,4
E0,01/09/12,West Brom,Everton,2,0,H,14,12,8,5
E0,01/09/12,West Ham,Fulham,3,0,H,17,14,12,13
E0,01/09/12,Wigan,Stoke,2,2,D,9,16,5,8
E0,02/09/12,Liverpool,Arsenal,0,2,A,17,11,8,7
E0,02/09/12,Newcastle,Aston Villa,1,1,D,16,13,6,9
E0,02/09/12,Southampton,Man United,2,3,A,15,18,8,9
E0,15/09/12,Arsenal,Southampton,6,1,H,20,9,12,4
E0,15/09/12,Aston Villa,Swansea,2,0,H,17,10,13,5
E0,15/09/12,Fulham,West Brom,3,0,H,23,10,14,8
E0,15/09/12,Man United,Wigan,4,0,H,17,8,10,4
E0,15/09/12,Norwich,West Ham,0,0,D,20,9,14,4
E0,15/09/12,QPR,Chelsea,0,0,D,10,13,6,9
E0,15/09/12,Stoke,Man City,1,1,D,4,15,3,11
E0,15/09/12,Sunderland,Liverpool,1,1,D,6,20,4,9
E0,16/09/12,Reading,Tottenham,1,3,A,4,22,2,11
E0,17/09/12,Everton,Newcastle,2,2,D,17,11,10,7
E0,22/09/12,Chelsea,Stoke,1,0,H,17,13,9,6
E0,22/09/12,Southampton,Aston Villa,4,1,H,12,8,4,2
E0,22/09/12,Swansea,Everton,0,3,A,18,30,11,19
E0,22/09/12,West Brom,Reading,1,0,H,9,8,4,1
E0,22/09/12,West Ham,Sunderland,1,1,D,20,4,11,2
E0,22/09/12,Wigan,Fulham,1,2,A,18,12,9,9
E0,23/09/12,Liverpool,Man United,1,2,A,13,8,8,4
E0,23/09/12,Man City,Arsenal,1,1,D,14,10,10,4
E0,23/09/12,Newcastle,Norwich,1,0,H,16,8,8,3
E0,23/09/12,Tottenham,QPR,2,1,H,18,9,14,6
E0,29/09/12,Arsenal,Chelsea,1,2,A,14,10,5,5
E0,29/09/12,Everton,Southampton,3,1,H,17,8,9,2
E0,29/09/12,Fulham,Man City,1,2,A,7,21,3,12
E0,29/09/12,Man United,Tottenham,2,3,A,15,10,8,6
E0,29/09/12,Norwich,Liverpool,2,5,A,10,10,7,6
E0,29/09/12,Reading,Newcastle,2,2,D,14,8,7,3
E0,29/09/12,Stoke,Swansea,2,0,H,10,8,5,0
E0,29/09/12,Sunderland,Wigan,1,0,H,11,8,6,3
E0,30/09/12,Aston Villa,West Brom,1,1,D,19,14,8,7
E0,01/10/12,QPR,West Ham,1,2,A,13,17,9,10
E0,06/10/12,Chelsea,Norwich,4,1,H,20,7,13,4
E0,06/10/12,Man City,Sunderland,3,0,H,26,8,16,6
E0,06/10/12,Swansea,Reading,2,2,D,25,8,16,6
E0,06/10/12,West Brom,QPR,3,2,H,13,13,8,6
E0,06/10/12,West Ham,Arsenal,1,3,A,7,20,3,14
E0,06/10/12,Wigan,Everton,2,2,D,10,16,6,11
E0,07/10/12,Liverpool,Stoke,0,0,D,16,5,5,3
E0,07/10/12,Newcastle,Man United,0,3,A,13,12,3,9
E0,07/10/12,Southampton,Fulham,2,2,D,13,14,6,5
E0,07/10/12,Tottenham,Aston Villa,2,0,H,23,8,10,5
E0,20/10/12,Fulham,Aston Villa,1,0,H,17,9,8,4
E0,20/10/12,Liverpool,Reading,1,0,H,23,8,13,5
E0,20/10/12,Man United,Stoke,4,2,H,13,8,8,6
E0,20/10/12,Norwich,Arsenal,1,0,H,7,13,3,7
E0,20/10/12,Swansea,Wigan,2,1,H,18,10,11,7
E0,20/10/12,Tottenham,Chelsea,2,4,A,23,11,16,7
E0,20/10/12,West Brom,Man City,1,2,A,16,21,8,13
E0,20/10/12,West Ham,Southampton,4,1,H,9,11,8,4
E0,21/10/12,QPR,Everton,1,1,D,14,10,6,4
E0,21/10/12,Sunderland,Newcastle,1,1,D,16,10,6,7
E0,27/10/12,Arsenal,QPR,1,0,H,21,4,11,3
E0,27/10/12,Aston Villa,Norwich,1,1,D,7,14,5,6
E0,27/10/12,Man City,Swansea,1,0,H,10,9,5,5
E0,27/10/12,Reading,Fulham,3,3,D,15,16,9,8
E0,27/10/12,Stoke,Sunderland,0,0,D,11,6,6,3
E0,27/10/12,Wigan,West Ham,2,1,H,17,15,13,11
E0,28/10/12,Chelsea,Man United,2,3,A,14,15,11,7
E0,28/10/12,Everton,Liverpool,2,2,D,17,12,8,5
E0,28/10/12,Newcastle,West Brom,2,1,H,10,8,6,4
E0,28/10/12,Southampton,Tottenham,1,2,A,11,11,6,4
E0,03/11/12,Fulham,Everton,2,2,D,8,26,5,15
E0,03/11/12,Man United,Arsenal,2,1,H,11,7,7,3
E0,03/11/12,Norwich,Stoke,1,0,H,12,8,8,3
E0,03/11/12,Sunderland,Aston Villa,0,1,A,11,9,1,6
E0,03/11/12,Swansea,Chelsea,1,1,D,9,11,7,7
E0,03/11/12,Tottenham,Wigan,0,1,A,13,7,10,4
E0,03/11/12,West Ham,Man City,0,0,D,6,18,1,8
E0,04/11/12,Liverpool,Newcastle,1,1,D,20,10,12,3
E0,04/11/12,QPR,Reading,1,1,D,23,18,12,8
E0,05/11/12,West Brom,Southampton,2,0,H,16,9,6,5
E0,10/11/12,Arsenal,Fulham,3,3,D,15,9,9,5
E0,10/11/12,Aston Villa,Man United,2,3,A,10,16,7,7
E0,10/11/12,Everton,Sunderland,2,1,H,16,6,10,4
E0,10/11/12,Reading,Norwich,0,0,D,7,10,3,3
E0,10/11/12,Southampton,Swansea,1,1,D,11,5,5,3
E0,10/11/12,Stoke,QPR,1,0,H,10,17,5,8
E0,10/11/12,Wigan,West Brom,1,2,A,14,7,6,4
E0,11/11/12,Chelsea,Liverpool,1,1,D,12,9,3,5
E0,11/11/12,Man City,Tottenham,2,1,H,16,6,8,2
E0,11/11/12,Newcastle,West Ham,0,1,A,14,10,9,5
E0,17/11/12,Arsenal,Tottenham,5,2,H,13,6,10,4
E0,17/11/12,Liverpool,Wigan,3,0,H,22,9,11,3
E0,17/11/12,Man City,Aston Villa,5,0,H,21,10,8,8
E0,17/11/12,Newcastle,Swansea,1,2,A,27,15,10,9
E0,17/11/12,Norwich,Man United,1,0,H,10,12,5,9
E0,17/11/12,QPR,Southampton,1,3,A,13,21,7,15
E0,17/11/12,Reading,Everton,2,1,H,12,21,4,11
E0,17/11/12,West Brom,Chelsea,2,1,H,8,19,6,12
E0,18/11/12,Fulham,Sunderland,1,3,A,18,12,13,9
E0,19/11/12,West Ham,Stoke,1,1,D,16,12,11,6
E0,24/11/12,Aston Villa,Arsenal,0,0,D,10,13,8,6
E0,24/11/12,Everton,Norwich,1,1,D,14,8,9,4
E0,24/11/12,Man United,QPR,3,1,H,15,10,10,6
E0,24/11/12,Stoke,Fulham,1,0,H,12,8,3,5
E0,24/11/12,Sunderland,West Brom,2,4,A,19,11,12,6
E0,24/11/12,Wigan,Reading,3,2,H,19,16,11,10
E0,25/11/12,Chelsea,Man City,0,0,D,5,11,1,7
E0,25/11/12,Southampton,Newcastle,2,0,H,17,8,10,3
E0,25/11/12,Swansea,Liverpool,0,0,D,17,21,8,14
E0,25/11/12,Tottenham,West Ham,3,1,H,25,10,13,6
E0,27/11/12,Aston Villa,Reading,1,0,H,15,11,7,6
E0,27/11/12,Sunderland,QPR,0,0,D,13,13,8,9
E0,28/11/12,Chelsea,Fulham,0,0,D,17,8,13,7
E0,28/11/12,Everton,Arsenal,1,1,D,14,12,10,9
E0,28/11/12,Man United,West Ham,1,0,H,23,9,13,3
E0,28/11/12,Southampton,Norwich,1,1,D,8,9,2,5
E0,28/11/12,Stoke,Newcastle,2,1,H,11,7,5,6
E0,28/11/12,Swansea,West Brom,3,1,H,13,6,8,2
E0,28/11/12,Tottenham,Liverpool,2,1,H,14,14,7,9
E0,28/11/12,Wigan,Man City,0,2,A,9,15,4,6
E0,01/12/12,Arsenal,Swansea,0,2,A,10,12,8,10
E0,01/12/12,Fulham,Tottenham,0,3,A,8,10,2,6
E0,01/12/12,Liverpool,Southampton,1,0,H,24,8,11,4
E0,01/12/12,Man City,Everton,1,1,D,9,8,6,5
E0,01/12/12,QPR,Aston Villa,1,1,D,17,7,12,3
E0,01/12/12,Reading,Man United,3,4,A,10,10,7,5
E0,01/12/12,West Brom,Stoke,0,1,A,14,6,11,4
E0,01/12/12,West Ham,Chelsea,3,1,H,16,16,13,9
E0,02/12/12,Norwich,Sunderland,2,1,H,7,16,5,6
E0,03/12/12,Newcastle,Wigan,3,0,H,16,9,8,4
E0,08/12/12,Arsenal,West Brom,2,0,H,16,7,7,2
E0,08/12/12,Aston Villa,Stoke,0,0,D,9,1,5,0
E0,08/12/12,Southampton,Reading,1,0,H,18,6,9,2
E0,08/12/12,Sunderland,Chelsea,1,3,A,14,11,10,5
E0,08/12/12,Swansea,Norwich,3,4,A,21,10,10,8
E0,08/12/12,Wigan,QPR,2,2,D,14,8,9,4
E0,09/12/12,Everton,Tottenham,2,1,H,17,8,11,6
E0,09/12/12,Man City,Man United,2,3,A,16,8,11,3
E0,09/12/12,West Ham,Liverpool,2,3,A,9,16,6,8
E0,10/12/12,Fulham,Newcastle,2,1,H,16,20,7,13
E0,11/12/12,Sunderland,Reading,3,0,H,16,12,11,5
E0,15/12/12,Liverpool,Aston Villa,1,3,A,26,9,17,6
E0,15/12/12,Man United,Sunderland,3,1,H,15,13,6,10
E0,15/12/12,Newcastle,Man City,1,3,A,17,16,8,10
E0,15/12/12,Norwich,Wigan,2,1,H,16,12,10,6
E0,15/12/12,QPR,Fulham,2,1,H,19,6,9,3
E0,15/12/12,Stoke,Everton,1,1,D,14,9,8,5
E0,16/12/12,Tottenham,Swansea,1,0,H,24,4,16,0
E0,16/12/12,West Brom,West Ham,0,0,D,19,10,10,2
E0,17/12/12,Reading,Arsenal,2,5,A,7,25,5,17
E0,22/12/12,Liverpool,Fulham,4,0,H,22,7,12,6
E0,22/12/12,Man City,Reading,1,0,H,17,6,10,1
E0,22/12/12,Newcastle,QPR,1,0,H,18,5,8,4
E0,22/12/12,Southampton,Sunderland,0,1,A,13,10,7,6
E0,22/12/12,Tottenham,Stoke,0,0,D,21,4,14,2
E0,22/12/12,West Brom,Norwich,2,1,H,12,10,8,4
E0,22/12/12,West Ham,Everton,1,2,A,6,15,5,8
E0,22/12/12,Wigan,Arsenal,0,1,A,13,10,5,8
E0,23/12/12,Chelsea,Aston Villa,8,0,H,24,7,18,4
E0,23/12/12,Swansea,Man United,1,1,D,14,19,10,16
E0,26/12/12,Aston Villa,Tottenham,0,4,A,4,20,1,16
E0,26/12/12,Everton,Wigan,2,1,H,17,10,9,6
E0,26/12/12,Fulham,Southampton,1,1,D,10,7,2,3
E0,26/12/12,Man United,Newcastle,4,3,H,16,16,10,11
E0,26/12/12,Norwich,Chelsea,0,1,A,8,20,4,11
E0,26/12/12,QPR,West Brom,1,2,A,18,12,8,6
E0,26/12/12,Reading,Swansea,0,0,D,3,10,2,4
E0,26/12/12,Stoke,Liverpool,3,1,H,7,12,6,6
E0,26/12/12,Sunderland,Man City,1,0,H,12,19,6,12
E0,29/12/12,Arsenal,Newcastle,7,3,H,16,10,12,8
E0,29/12/12,Aston Villa,Wigan,0,3,A,11,9,4,6
E0,29/12/12,Fulham,Swansea,1,2,A,22,10,13,9
E0,29/12/12,Man United,West Brom,2,0,H,17,13,14,9
E0,29/12/12,Norwich,Man City,3,4,A,13,13,8,9
E0,29/12/12,Reading,West Ham,1,0,H,3,11,2,3
E0,29/12/12,Stoke,Southampton,3,3,D,10,8,8,7
E0,29/12/12,Sunderland,Tottenham,1,2,A,9,18,6,14
E0,30/12/12,Everton,Chelsea,1,2,A,12,15,6,10
E0,30/12/12,QPR,Liverpool,0,3,A,14,16,7,11
E0,01/01/13,Man City,Stoke,3,0,H,17,4,9,3
E0,01/01/13,Southampton,Arsenal,1,1,D,9,6,6,4
E0,01/01/13,Swansea,Aston Villa,2,2,D,23,8,13,6
E0,01/01/13,Tottenham,Reading,3,1,H,30,7,20,4
E0,01/01/13,West Brom,Fulham,1,2,A,17,10,10,5
E0,01/01/13,West Ham,Norwich,2,1,H,14,9,8,3
E0,01/01/13,Wigan,Man United,0,4,A,7,14,3,9
E0,02/01/13,Chelsea,QPR,0,1,A,23,8,11,5
E0,02/01/13,Liverpool,Sunderland,3,0,H,27,6,16,5
E0,02/01/13,Newcastle,Everton,1,2,A,14,7,11,6
E0,12/01/13,Aston Villa,Southampton,0,1,A,16,11,10,4
E0,12/01/13,Everton,Swansea,0,0,D,16,4,8,2
E0,12/01/13,Fulham,Wigan,1,1,D,14,15,5,6
E0,12/01/13,Norwich,Newcastle,0,0,D,12,9,3,4
E0,12/01/13,QPR,Tottenham,0,0,D,4,16,1,8
E0,12/01/13,Reading,West Brom,3,2,H,7,11,7,6
E0,12/01/13,Stoke,Chelsea,0,4,A,11,11,5,9
E0,12/01/13,Sunderland,West Ham,3,0,H,18,9,14,4
E0,13/01/13,Arsenal,Man City,0,2,A,9,16,4,9
E0,13/01/13,Man United,Liverpool,2,1,H,15,12,10,5
E0,16/01/13,Chelsea,Southampton,2,2,D,19,7,10,3
E0,19/01/13,Liverpool,Norwich,5,0,H,17,5,10,3
E0,19/01/13,Man City,Fulham,2,0,H,20,3,11,0
E0,19/01/13,Newcastle,Reading,1,2,A,15,6,10,2
E0,19/01/13,Swansea,Stoke,3,1,H,12,7,6,2
E0,19/01/13,West Brom,Aston Villa,2,2,D,25,11,9,7
E0,19/01/13,West Ham,QPR,1,1,D,22,9,13,6
E0,19/01/13,Wigan,Sunderland,2,3,A,20,10,11,5
E0,20/01/13,Chelsea,Arsenal,2,1,H,13,12,8,8
E0,20/01/13,Tottenham,Man United,1,1,D,23,6,18,4
E0,21/01/13,Southampton,Everton,0,0,D,14,10,11,7
E0,23/01/13,Arsenal,West Ham,5,1,H,23,7,17,5
E0,29/01/13,Aston Villa,Newcastle,1,2,A,10,10,4,7
E0,29/01/13,QPR,Man City,0,0,D,5,15,3,7
E0,29/01/13,Stoke,Wigan,2,2,D,9,11,4,6
E0,29/01/13,Sunderland,Swansea,0,0,D,4,18,2,8
E0,30/01/13,Arsenal,Liverpool,2,2,D,14,10,6,5
E0,30/01/13,Everton,West Brom,2,1,H,11,7,4,4
E0,30/01/13,Fulham,West Ham,3,1,H,13,8,6,4
E0,30/01/13,Man United,Southampton,2,1,H,11,21,7,10
E0,30/01/13,Norwich,Tottenham,1,1,D,8,12,4,7
E0,30/01/13,Reading,Chelsea,2,2,D,5,14,2,5
E0,02/02/13,Arsenal,Stoke,1,0,H,15,6,9,2
E0,02/02/13,Everton,Aston Villa,3,3,D,22,8,13,4
E0,02/02/13,Fulham,Man United,0,1,A,15,13,8,8
E0,02/02/13,Newcastle,Chelsea,3,2,H,19,12,13,6
E0,02/02/13,QPR,Norwich,0,0,D,15,14,7,9
E0,02/02/13,Reading,Sunderland,2,1,H,9,10,5,6
E0,02/02/13,West Ham,Swansea,1,0,H,18,11,9,7
E0,02/02/13,Wigan,Southampton,2,2,D,5,15,3,7
E0,03/02/13,Man City,Liverpool,2,2,D,9,21,5,12
E0,03/02/13,West Brom,Tottenham,0,1,A,4,21,3,13
E0,09/02/13,Chelsea,Wigan,4,1,H,25,13,17,10
E0,09/02/13,Norwich,Fulham,0,0,D,15,7,8,5
E0,09/02/13,Southampton,Man City,3,1,H,13,7,7,4
E0,09/02/13,Stoke,Reading,2,1,H,13,5,10,4
E0,09/02/13,Sunderland,Arsenal,0,1,A,12,18,7,9
E0,09/02/13,Swansea,QPR,4,1,H,13,14,12,8
E0,09/02/13,Tottenham,Newcastle,2,1,H,16,9,9,7
E0,10/02/13,Aston Villa,West Ham,2,1,H,7,13,2,7
E0,10/02/13,Man United,Everton,2,0,H,10,9,6,8
E0,11/02/13,Liverpool,West Brom,0,2,A,23,4,14,3
E0,17/02/13,Liverpool,Swansea,5,0,H,33,4,18,3
E0,23/02/13,Arsenal,Aston Villa,2,1,H,24,5,14,3
E0,23/02/13,Fulham,Stoke,1,0,H,20,7,9,2
E0,23/02/13,Norwich,Everton,2,1,H,10,11,9,5
E0,23/02/13,QPR,Man United,0,2,A,12,13,5,8
E0,23/02/13,Reading,Wigan,0,3,A,7,14,1,8
E0,23/02/13,West Brom,Sunderland,2,1,H,17,10,7,6
E0,24/02/13,Man City,Chelsea,2,0,H,15,4,11,1
E0,24/02/13,Newcastle,Southampton,4,2,H,11,11,5,7
E0,25/02/13,West Ham,Tottenham,2,3,A,8,25,6,16
E0,02/03/13,Chelsea,West Brom,1,0,H,25,8,19,4
E0,02/03/13,Everton,Reading,3,1,H,18,12,12,6
E0,02/03/13,Man United,Norwich,4,0,H,13,1,10,1
E0,02/03/13,Southampton,QPR,1,2,A,17,5,9,3
E0,02/03/13,Stoke,West Ham,0,1,A,10,10,2,7
E0,02/03/13,Sunderland,Fulham,2,2,D,12,7,6,4
E0,02/03/13,Swansea,Newcastle,1,0,H,10,14,7,7
E0,02/03/13,Wigan,Liverpool,0,4,A,15,8,11,7
E0,03/03/13,Tottenham,Arsenal,2,1,H,11,10,5,6
E0,04/03/13,Aston Villa,Man City,0,1,A,10,20,5,12
E0,09/03/13,Norwich,Southampton,0,0,D,3,15,2,7
E0,09/03/13,QPR,Sunderland,3,1,H,15,7,8,3
E0,09/03/13,Reading,Aston Villa,1,2,A,10,18,4,7
E0,09/03/13,West Brom,Swansea,2,1,H,12,9,6,4
E0,10/03/13,Liverpool,Tottenham,3,2,H,10,15,4,9
E0,10/03/13,Newcastle,Stoke,2,1,H,14,7,6,4
E0,16/03/13,Aston Villa,QPR,3,2,H,10,18,6,11
E0,16/03/13,Everton,Man City,2,0,H,11,17,5,11
E0,16/03/13,Man United,Reading,1,0,H,17,5,8,1
E0,16/03/13,Southampton,Liverpool,3,1,H,17,8,12,6
E0,16/03/13,Stoke,West Brom,0,0,D,13,9,5,5
E0,16/03/13,Swansea,Arsenal,0,2,A,9,15,2,11
E0,17/03/13,Chelsea,West Ham,2,0,H,24,15,14,9
E0,17/03/13,Sunderland,Norwich,1,1,D,16,7,8,3
E0,17/03/13,Tottenham,Fulham,0,1,A,12,6,6,2
E0,17/03/13,Wigan,Newcastle,2,1,H,13,9,10,4
E0,30/03/13,Arsenal,Reading,4,1,H,23,4,14,2
E0,30/03/13,Everton,Stoke,1,0,H,15,10,9,5
E0,30/03/13,Man City,Newcastle,4,0,H,19,5,11,1
E0,30/03/13,Southampton,Chelsea,2,1,H,13,7,8,4
E0,30/03/13,Sunderland,Man United,0,1,A,9,10,4,6
E0,30/03/13,Swansea,Tottenham,1,2,A,11,9,3,7
E0,30/03/13,West Ham,West Brom,3,1,H,14,17,8,11
E0,30/03/13,Wigan,Norwich,1,0,H,13,9,6,5
E0,31/03/13,Aston Villa,Liverpool,1,2,A,10,16,7,12
E0,01/04/13,Fulham,QPR,3,2,H,9,19,5,11
E0,06/04/13,Norwich,Swansea,2,2,D,12,16,9,9
E0,06/04/13,Reading,Southampton,0,2,A,8,12,3,4
E0,06/04/13,Stoke,Aston Villa,1,3,A,6,11,2,8
E0,06/04/13,West Brom,Arsenal,1,2,A,16,11,5,6
E0,07/04/13,Chelsea,Sunderland,2,1,H,14,7,7,3
E0,07/04/13,Liverpool,West Ham,0,0,D,19,10,12,4
E0,07/04/13,Newcastle,Fulham,1,0,H,20,5,10,3
E0,07/04/13,QPR,Wigan,1,1,D,6,16,2,10
E0,07/04/13,Tottenham,Everton,2,2,D,19,9,10,5
E0,08/04/13,Man United,Man City,1,2,A,16,9,7,5
E0,13/04/13,Arsenal,Norwich,3,1,H,10,5,7,5
E0,13/04/13,Aston Villa,Fulham,1,1,D,15,8,7,3
E0,13/04/13,Everton,QPR,2,0,H,14,8,10,5
E0,13/04/13,Reading,Liverpool,0,0,D,7,26,5,15
E0,13/04/13,Southampton,West Ham,1,1,D,15,6,11,4
E0,14/04/13,Newcastle,Sunderland,0,3,A,15,8,9,7
E0,14/04/13,Stoke,Man United,0,2,A,13,9,4,3
E0,16/04/13,Arsenal,Everton,0,0,D,10,10,6,5
E0,17/04/13,Fulham,Chelsea,0,3,A,11,13,7,10
E0,17/04/13,Man City,Wigan,1,0,H,10,8,4,6
E0,17/04/13,West Ham,Man United,2,2,D,10,15,4,9
E0,20/04/13,Fulham,Arsenal,0,1,A,7,10,5,7
E0,20/04/13,Norwich,Reading,2,1,H,19,14,9,6
E0,20/04/13,QPR,Stoke,0,2,A,25,11,11,4
E0,20/04/13,Sunderland,Everton,1,0,H,8,8,4,5
E0,20/04/13,Swansea,Southampton,0,0,D,14,9,7,5
E0,20/04/13,West Brom,Newcastle,1,1,D,8,10,4,6
E0,20/04/13,West Ham,Wigan,2,0,H,17,18,11,10
E0,21/04/13,Liverpool,Chelsea,2,2,D,23,9,12,6
E0,21/04/13,Tottenham,Man City,3,1,H,11,11,8,7
E0,22/04/13,Man United,Aston Villa,3,0,H,10,8,5,5
E0,27/04/13,Everton,Fulham,1,0,H,17,6,10,2
E0,27/04/13,Man City,West Ham,2,1,H,16,9,10,6
E0,27/04/13,Newcastle,Liverpool,0,6,A,5,11,1,10
E0,27/04/13,Southampton,West Brom,0,3,A,16,11,4,9
E0,27/04/13,Stoke,Norwich,1,0,H,12,5,4,0
E0,27/04/13,Wigan,Tottenham,2,2,D,6,14,4,7
E0,28/04/13,Arsenal,Man United,1,1,D,19,10,13,5
E0,28/04/13,Chelsea,Swansea,2,0,H,21,11,14,8
E0,28/04/13,Reading,QPR,0,0,D,13,15,7,5
E0,29/04/13,Aston Villa,Sunderland,6,1,H,18,7,15,4
E0,04/05/13,Fulham,Reading,2,4,A,18,20,13,13
E0,04/05/13,Norwich,Aston Villa,1,2,A,9,12,4,6
E0,04/05/13,QPR,Arsenal,0,1,A,14,13,6,11
E0,04/05/13,Swansea,Man City,0,0,D,7,12,1,8
E0,04/05/13,Tottenham,Southampton,1,0,H,7,10,4,6
E0,04/05/13,West Brom,Wigan,2,3,A,17,13,11,8
E0,04/05/13,West Ham,Newcastle,0,0,D,9,11,3,6
E0,05/05/13,Liverpool,Everton,0,0,D,16,11,8,4
E0,05/05/13,Man United,Chelsea,0,1,A,10,15,4,6
E0,06/05/13,Sunderland,Stoke,1,1,D,14,11,7,7
E0,07/05/13,Man City,West Brom,1,0,H,21,20,9,11
E0,07/05/13,Wigan,Swansea,2,3,A,14,10,11,6
E0,08/05/13,Chelsea,Tottenham,2,2,D,15,13,8,6
E0,11/05/13,Aston Villa,Chelsea,1,2,A,12,11,7,8
E0,12/05/13,Everton,West Ham,2,0,H,23,7,13,2
E0,12/05/13,Fulham,Liverpool,1,3,A,10,20,8,14
E0,12/05/13,Man United,Swansea,2,1,H,16,5,9,2
E0,12/05/13,Norwich,West Brom,4,0,H,11,8,8,5
E0,12/05/13,QPR,Newcastle,1,2,A,8,10,3,7
E0,12/05/13,Stoke,Tottenham,1,2,A,6,23,3,15
E0,12/05/13,Sunderland,Southampton,1,1,D,5,15,5,10
E0,14/05/13,Arsenal,Wigan,4,1,H,19,10,12,5
E0,14/05/13,Reading,Man City,0,2,A,11,27,7,20
E0,19/05/13,Chelsea,Everton,2,1,H,20,16,10,9
E0,19/05/13,Liverpool,QPR,1,0,H,27,10,20,3
E0,19/05/13,Man City,Norwich,2,3,A,12,12,5,7
E0,19/05/13,Newcastle,Arsenal,0,1,A,7,9,2,3
E0,19/05/13,Southampton,Stoke,1,1,D,11,7,7,3
E0,19/05/13,Swansea,Fulham,0,3,A,19,8,11,6
E0,19/05/13,Tottenham,Sunderland,1,0,H,23,6,19,4
E0,19/05/13,West Brom,Man United,5,5,D,15,12,8,8
E0,19/05/13,West Ham,Reading,4,2,H,21,17,12,7
E0,19/05/13,Wigan,Aston Villa,2,2,D,12,5,6,2
E0,17/08/13,Arsenal,Aston Villa,1,3,A,16,9,4,4
E0,17/08/13,Liverpool,Stoke,1,0,H,26,10,11,4
E0,17/08/13,Norwich,Everton,2,2,D,8,19,2,6
E0,17/08/13,Sunderland,Fulham,0,1,A,20,5,3,1
E0,17/08/13,Swansea,Man United,1,4,A,17,15,6,7
E0,17/08/13,West Brom,Southampton,0,1,A,11,7,1,2
E0,17/08/13,West Ham,Cardiff,2,0,H,18,12,4,1
E0,18/08/13,Chelsea,Hull,2,0,H,22,7,5,2
E0,18/08/13,Crystal Palace,Tottenham,0,1,A,5,17,3,2
E0,19/08/13,Man City,Newcastle,4,0,H,20,5,11,1
E0,21/08/13,Chelsea,Aston Villa,2,1,H,15,7,3,3
E0,24/08/13,Aston Villa,Liverpool,0,1,A,17,5,3,1
E0,24/08/13,Everton,West Brom,0,0,D,22,7,8,2
E0,24/08/13,Fulham,Arsenal,1,3,A,16,18,7,7
E0,24/08/13,Hull,Norwich,1,0,H,6,13,1,4
E0,24/08/13,Newcastle,West Ham,0,0,D,16,6,0,1
E0,24/08/13,Southampton,Sunderland,1,1,D,17,8,6,3
E0,24/08/13,Stoke,Crystal Palace,2,1,H,14,14,5,5
E0,25/08/13,Cardiff,Man City,3,2,H,9,16,6,5
E0,25/08/13,Tottenham,Swansea,1,0,H,19,7,5,5
E0,26/08/13,Man United,Chelsea,0,0,D,13,8,3,4
E0,31/08/13,Cardiff,Everton,0,0,D,4,13,1,3
E0,31/08/13,Crystal Palace,Sunderland,3,1,H,17,10,6,2
E0,31/08/13,Man City,Hull,2,0,H,12,7,6,2
E0,31/08/13,Newcastle,Fulham,1,0,H,24,3,9,2
E0,31/08/13,Norwich,Southampton,1,0,H,15,11,4,2
E0,31/08/13,West Ham,Stoke,0,1,A,9,15,0,5
E0,01/09/13,Arsenal,Tottenham,1,0,H,12,14,5,4
E0,01/09/13,Liverpool,Man United,1,0,H,10,10,5,4
E0,01/09/13,West Brom,Swansea,0,2,A,10,12,1,4
E0,14/09/13,Aston Villa,Newcastle,1,2,A,10,17,1,8
E0,14/09/13,Everton,Chelsea,1,0,H,11,22,5,5
E0,14/09/13,Fulham,West Brom,1,1,D,12,12,2,4
E0,14/09/13,Hull,Cardiff,1,1,D,18,10,5,2
E0,14/09/13,Man United,Crystal Palace,2,0,H,19,4,7,0
E0,14/09/13,Stoke,Man City,0,0,D,11,10,3,3
E0,14/09/13,Sunderland,Arsenal,1,3,A,17,14,2,6
E0,14/09/13,Tottenham,Norwich,2,0,H,23,4,7,1
E0,15/09/13,Southampton,West Ham,0,0,D,15,6,5,1
E0,16/09/13,Swansea,Liverpool,2,2,D,17,12,8,5
E0,21/09/13,Chelsea,Fulham,2,0,H,26,4,10,1
E0,21/09/13,Liverpool,Southampton,0,1,A,10,12,5,7
E0,21/09/13,Newcastle,Hull,2,3,A,15,12,2,5
E0,21/09/13,Norwich,Aston Villa,0,1,A,12,16,1,4
E0,21/09/13,West Brom,Sunderland,3,0,H,13,7,4,0
E0,21/09/13,West Ham,Everton,2,3,A,9,10,1,4
E0,22/09/13,Arsenal,Stoke,3,1,H,16,9,8,3
E0,22/09/13,Cardiff,Tottenham,0,1,A,6,29,0,12
E0,22/09/13,Crystal Palace,Swansea,0,2,A,9,15,1,7
E0,22/09/13,Man City,Man United,4,1,H,18,14,5,3
E0,28/09/13,Aston Villa,Man City,3,2,H,8,20,4,7
E0,28/09/13,Fulham,Cardiff,1,2,A,9,22,5,4
E0,28/09/13,Hull,West Ham,1,0,H,9,18,2,5
E0,28/09/13,Man United,West Brom,1,2,A,14,12,6,4
E0,28/09/13,Southampton,Crystal Palace,2,0,H,12,8,3,0
E0,28/09/13,Swansea,Arsenal,1,2,A,10,10,3,4
E0,28/09/13,Tottenham,Chelsea,1,1,D,12,11,4,5
E0,29/09/13,Stoke,Norwich,0,1,A,8,8,1,3
E0,29/09/13,Sunderland,Liverpool,1,3,A,23,15,5,6
E0,30/09/13,Everton,Newcastle,3,2,H,18,15,7,6
E0,05/10/13,Cardiff,Newcastle,1,2,A,8,20,2,10
E0,05/10/13,Fulham,Stoke,1,0,H,9,16,2,3
E0,05/10/13,Hull,Aston Villa,0,0,D,6,18,1,4
E0,05/10/13,Liverpool,Crystal Palace,3,1,H,13,11,7,2
E0,05/10/13,Man City,Everton,3,1,H,12,6,6,4
E0,05/10/13,Sunderland,Man United,1,2,A,6,13,2,6
E0,06/10/13,Norwich,Chelsea,1,3,A,14,22,3,8
E0,06/10/13,Southampton,Swansea,2,0,H,12,17,4,7
E0,06/10/13,Tottenham,West Ham,0,3,A,14,16,4,5
E0,06/10/13,West Brom,Arsenal,1,1,D,12,14,4,5
E0,19/10/13,Arsenal,Norwich,4,1,H,20,12,11,6
E0,19/10/13,Chelsea,Cardiff,4,1,H,20,13,7,3
E0,19/10/13,Everton,Hull,2,1,H,14,9,6,1
E0,19/10/13,Man United,Southampton,1,1,D,12,18,5,7
E0,19/10/13,Newcastle,Liverpool,2,2,D,14,23,4,7
E0,19/10/13,Stoke,West Brom,0,0,D,9,12,3,5
E0,19/10/13,Swansea,Sunderland,4,0,H,14,6,6,1
E0,19/10/13,West Ham,Man City,1,3,A,11,16,2,9
E0,20/10/13,Aston Villa,Tottenham,0,2,A,15,13,2,6
E0,21/10/13,Crystal Palace,Fulham,1,4,A,14,9,4,6
E0,26/10/13,Aston Villa,Everton,0,2,A,14,15,3,4
E0,26/10/13,Crystal Palace,Arsenal,0,2,A,13,10,4,4
E0,26/10/13,Liverpool,West Brom,4,1,H,18,15,7,3
E0,26/10/13,Man United,Stoke,3,2,H,19,10,5,5
E0,26/10/13,Norwich,Cardiff,0,0,D,31,6,10,4
E0,26/10/13,Southampton,Fulham,2,0,H,20,1,6,0
E0,27/10/13,Chelsea,Man City,2,1,H,12,15,4,6
E0,27/10/13,Sunderland,Newcastle,2,1,H,8,16,4,4
E0,27/10/13,Swansea,West Ham,0,0,D,10,15,5,4
E0,27/10/13,Tottenham,Hull,1,0,H,15,10,6,4
E0,02/11/13,Arsenal,Liverpool,2,0,H,12,12,7,4
E0,02/11/13,Fulham,Man United,1,3,A,15,10,6,4
E0,02/11/13,Hull,Sunderland,1,0,H,25,9,2,1
E0,02/11/13,Man City,Norwich,7,0,H,27,7,9,1
E0,02/11/13,Newcastle,Chelsea,2,0,H,15,13,8,2
E0,02/11/13,Stoke,Southampton,1,1,D,9,10,3,2
E0,02/11/13,West Brom,Crystal Palace,2,0,H,9,12,4,4
E0,02/11/13,West Ham,Aston Villa,0,0,D,17,8,4,2
E0,03/11/13,Cardiff,Swansea,1,0,H,9,10,3,3
E0,03/11/13,Everton,Tottenham,0,0,D,8,16,1,6
E0,09/11/13,Aston Villa,Cardiff,2,0,H,17,8,6,2
E0,09/11/13,Chelsea,West Brom,2,2,D,17,11,7,3
E0,09/11/13,Crystal Palace,Everton,0,0,D,9,15,2,2
E0,09/11/13,Liverpool,Fulham,4,0,H,32,4,10,1
E0,09/11/13,Norwich,West Ham,3,1,H,15,12,6,4
E0,09/11/13,Southampton,Hull,4,1,H,15,10,7,2
E0,10/11/13,Man United,Arsenal,1,0,H,5,10,2,2
E0,10/11/13,Sunderland,Man City,1,0,H,5,24,2,4
E0,10/11/13,Swansea,Stoke,3,3,D,17,6,6,3
E0,10/11/13,Tottenham,Newcastle,0,1,A,31,8,14,4
E0,23/11/13,Arsenal,Southampton,2,0,H,9,10,4,4
E0,23/11/13,Everton,Liverpool,3,3,D,18,11,12,5
E0,23/11/13,Fulham,Swansea,1,2,A,9,21,3,5
E0,23/11/13,Hull,Crystal Palace,0,1,A,15,9,2,2
E0,23/11/13,Newcastle,Norwich,2,1,H,21,10,5,2
E0,23/11/13,Stoke,Sunderland,2,0,H,17,11,5,3
E0,23/11/13,West Ham,Chelsea,0,3,A,8,20,1,8
E0,24/11/13,Cardiff,Man United,2,2,D,14,16,4,5
E0,24/11/13,Man City,Tottenham,6,0,H,15,13,10,5
E0,25/11/13,West Brom,Aston Villa,2,2,D,11,15,4,7
E0,30/11/13,Aston Villa,Sunderland,0,0,D,13,7,4,1
E0,30/11/13,Cardiff,Arsenal,0,3,A,10,15,4,6
E0,30/11/13,Everton,Stoke,4,0,H,22,4,12,3
E0,30/11/13,Newcastle,West Brom,2,1,H,14,14,6,1
E0,30/11/13,Norwich,Crystal Palace,1,0,H,10,13,3,3
E0,30/11/13,West Ham,Fulham,3,0,H,23,10,12,0
E0,01/12/13,Chelsea,Southampton,3,1,H,16,9,7,1
E0,01/12/13,Hull,Liverpool,3,1,H,12,9,4,4
E0,01/12/13,Man City,Swansea,3,0,H,22,9,7,4
E0,01/12/13,Tottenham,Man United,2,2,D,10,8,4,3
E0,03/12/13,Crystal Palace,West Ham,1,0,H,10,11,5,2
E0,04/12/13,Arsenal,Hull,2,0,H,20,7,7,2
E0,04/12/13,Fulham,Tottenham,1,2,A,16,18,6,5
E0,04/12/13,Liverpool,Norwich,5,1,H,28,14,12,5
E0,04/12/13,Man United,Everton,0,1,A,18,15,6,4
E0,04/12/13,Southampton,Aston Villa,2,3,A,21,6,9,3
E0,04/12/13,Stoke,Cardiff,0,0,D,17,14,2,3
E0,04/12/13,Sunderland,Chelsea,3,4,A,12,19,3,5
E0,04/12/13,Swansea,Newcastle,3,0,H,13,14,5,3
E0,04/12/13,West Brom,Man City,2,3,A,12,15,1,5
E0,07/12/13,Crystal Palace,Cardiff,2,0,H,19,10,5,2
E0,07/12/13,Liverpool,West Ham,4,1,H,32,8,9,1
E0,07/12/13,Man United,Newcastle,0,1,A,8,9,4,3
E0,07/12/13,Southampton,Man City,1,1,D,15,13,4,3
E0,07/12/13,Stoke,Chelsea,3,2,H,9,15,3,6
E0,07/12/13,Sunderland,Tottenham,1,2,A,11,22,4,5
E0,07/12/13,West Brom,Norwich,0,2,A,26,8,12,3
E0,08/12/13,Arsenal,Everton,1,1,D,11,12,5,4
E0,08/12/13,Fulham,Aston Villa,2,0,H,22,10,10,2
E0,09/12/13,Swansea,Hull,1,1,D,11,9,2,2
E0,14/12/13,Cardiff,West Brom,1,0,H,11,12,3,2
E0,14/12/13,Chelsea,Crystal Palace,2,1,H,16,10,7,5
E0,14/12/13,Everton,Fulham,4,1,H,22,16,7,3
E0,14/12/13,Hull,Stoke,0,0,D,13,11,4,2
E0,14/12/13,Man City,Arsenal,6,3,H,22,12,7,6
E0,14/12/13,Newcastle,Southampton,1,1,D,16,8,5,3
E0,14/12/13,West Ham,Sunderland,0,0,D,11,19,2,6
E0,15/12/13,Aston Villa,Man United,0,3,A,17,14,6,5
E0,15/12/13,Norwich,Swansea,1,1,D,16,10,3,2
E0,15/12/13,Tottenham,Liverpool,0,5,A,9,21,0,10
E0,21/12/13,Crystal Palace,Newcastle,0,3,A,9,13,4,6
E0,21/12/13,Fulham,Man City,2,4,A,12,17,5,10
E0,21/12/13,Liverpool,Cardiff,3,1,H,27,10,7,3
E0,21/12/13,Man United,West Ham,3,1,H,21,4,8,1
E0,21/12/13,Stoke,Aston Villa,2,1,H,12,14,2,4
E0,21/12/13,Sunderland,Norwich,0,0,D,18,14,4,5
E0,21/12/13,West Brom,Hull,1,1,D,14,6,3,3
E0,22/12/13,Southampton,Tottenham,2,3,A,12,13,5,3
E0,22/12/13,Swansea,Everton,1,2,A,13,14,3,6
E0,23/12/13,Arsenal,Chelsea,0,0,D,7,13,2,4
E0,26/12/13,Aston Villa,Crystal Palace,0,1,A,10,12,4,7
E0,26/12/13,Cardiff,Southampton,0,3,A,9,11,0,6
E0,26/12/13,Chelsea,Swansea,1,0,H,19,8,7,1
E0,26/12/13,Everton,Sunderland,0,1,A,26,13,9,6
E0,26/12/13,Hull,Man United,2,3,A,17,13,5,4
E0,26/12/13,Man City,Liverpool,2,1,H,20,12,6,5
E0,26/12/13,Newcastle,Stoke,5,1,H,27,11,8,3
E0,26/12/13,Norwich,Fulham,1,2,A,12,15,3,7
E0,26/12/13,Tottenham,West Brom,1,1,D,20,7,3,4
E0,26/12/13,West Ham,Arsenal,1,3,A,12,29,5,8
E0,28/12/13,Aston Villa,Swansea,1,1,D,7,17,3,3
E0,28/12/13,Cardiff,Sunderland,2,2,D,16,21,7,9
E0,28/12/13,Hull,Fulham,6,0,H,21,5,13,2
E0,28/12/13,Man City,Crystal Palace,1,0,H,23,9,4,4
E0,28/12/13,Norwich,Man United,0,1,A,15,7,4,3
E0,28/12/13,West Ham,West Brom,3,3,D,16,22,6,7
E0,29/12/13,Chelsea,Liverpool,2,1,H,11,8,5,4
E0,29/12/13,Everton,Southampton,2,1,H,9,12,4,2
E0,29/12/13,Newcastle,Arsenal,0,1,A,11,11,3,5
E0,29/12/13,Tottenham,Stoke,3,0,H,20,2,7,1
E0,01/01/14,Arsenal,Cardiff,2,0,H,28,8,6,2
E0,01/01/14,Crystal Palace,Norwich,1,1,D,13,8,4,5
E0,01/01/14,Fulham,West Ham,2,1,H,30,11,11,3
E0,01/01/14,Liverpool,Hull,2,0,H,17,10,6,0
E0,01/01/14,Man United,Tottenham,1,2,A,16,9,6,4
E0,01/01/14,Southampton,Chelsea,0,3,A,12,11,2,5
E0,01/01/14,Stoke,Everton,1,1,D,10,16,4,4
E0,01/01/14,Sunderland,Aston Villa,0,1,A,17,13,1,5
E0,01/01/14,Swansea,Man City,2,3,A,15,14,4,4
E0,01/01/14,West Brom,Newcastle,1,0,H,13,9,4,3
E0,11/01/14,Cardiff,West Ham,0,2,A,19,10,7,3
E0,11/01/14,Everton,Norwich,2,0,H,23,12,5,3
E0,11/01/14,Fulham,Sunderland,1,4,A,17,10,5,6
E0,11/01/14,Hull,Chelsea,0,2,A,10,14,2,5
E0,11/01/14,Man United,Swansea,2,0,H,16,13,5,2
E0,11/01/14,Southampton,West Brom,1,0,H,18,4,5,2
E0,11/01/14,Tottenham,Crystal Palace,2,0,H,10,14,4,2
E0,12/01/14,Newcastle,Man City,0,2,A,13,14,5,6
E0,12/01/14,Stoke,Liverpool,3,5,A,13,13,4,9
E0,13/01/14,Aston Villa,Arsenal,1,2,A,11,8,5,4
E0,18/01/14,Arsenal,Fulham,2,0,H,22,8,8,2
E0,18/01/14,Crystal Palace,Stoke,1,0,H,12,17,6,2
E0,18/01/14,Liverpool,Aston Villa,2,2,D,14,12,6,3
E0,18/01/14,Man City,Cardiff,4,2,H,24,7,9,6
E0,18/01/14,Norwich,Hull,1,0,H,25,10,4,0
E0,18/01/14,Sunderland,Southampton,2,2,D,10,17,5,8
E0,18/01/14,West Ham,Newcastle,1,3,A,11,19,2,9
E0,19/01/14,Chelsea,Man United,3,1,H,13,10,6,4
E0,19/01/14,Swansea,Tottenham,1,3,A,13,11,3,5
E0,20/01/14,West Brom,Everton,1,1,D,14,13,6,4
E0,28/01/14,Crystal Palace,Hull,1,0,H,13,13,3,4
E0,28/01/14,Liverpool,Everton,4,0,H,20,18,9,4
E0,28/01/14,Man United,Cardiff,2,0,H,17,7,5,1
E0,28/01/14,Norwich,Newcastle,0,0,D,9,22,2,3
E0,28/01/14,Southampton,Arsenal,2,2,D,13,7,5,4
E0,28/01/14,Swansea,Fulham,2,0,H,14,15,7,4
E0,29/01/14,Aston Villa,West Brom,4,3,H,10,12,6,4
E0,29/01/14,Chelsea,West Ham,0,0,D,39,1,9,1
E0,29/01/14,Sunderland,Stoke,1,0,H,16,14,6,5
E0,29/01/14,Tottenham,Man City,1,5,A,4,24,2,10
E0,01/02/14,Cardiff,Norwich,2,1,H,14,27,5,6
E0,01/02/14,Everton,Aston Villa,2,1,H,13,4,6,1
E0,01/02/14,Fulham,Southampton,0,3,A,8,17,4,5
E0,01/02/14,Hull,Tottenham,1,1,D,9,19,4,3
E0,01/02/14,Newcastle,Sunderland,0,3,A,28,16,10,5
E0,01/02/14,Stoke,Man United,2,1,H,13,19,6,4
E0,01/02/14,West Ham,Swansea,2,0,H,11,20,4,0
E0,02/02/14,Arsenal,Crystal Palace,2,0,H,11,10,6,2
E0,02/02/14,West Brom,Liverpool,1,1,D,12,12,4,3
E0,03/02/14,Man City,Chelsea,0,1,A,25,18,3,6
E0,08/02/14,Aston Villa,West Ham,0,2,A,16,10,1,2
E0,08/02/14,Chelsea,Newcastle,3,0,H,18,12,8,6
E0,08/02/14,Crystal Palace,West Brom,3,1,H,10,16,6,6
E0,08/02/14,Liverpool,Arsenal,5,1,H,22,11,12,6
E0,08/02/14,Norwich,Man City,0,0,D,7,15,2,2
E0,08/02/14,Southampton,Stoke,2,2,D,17,5,5,4
E0,08/02/14,Sunderland,Hull,0,2,A,7,25,3,9
E0,08/02/14,Swansea,Cardiff,3,0,H,17,7,6,1
E0,09/02/14,Man United,Fulham,2,2,D,31,6,9,3
E0,09/02/14,Tottenham,Everton,1,0,H,8,11,2,3
E0,11/02/14,Cardiff,Aston Villa,0,0,D,12,18,3,6
E0,11/02/14,Hull,Southampton,0,1,A,12,16,4,7
E0,11/02/14,West Brom,Chelsea,1,1,D,12,15,1,4
E0,11/02/14,West Ham,Norwich,2,0,H,12,13,7,6
E0,12/02/14,Arsenal,Man United,0,0,D,17,6,5,2
E0,12/02/14,Fulham,Liverpool,2,3,A,10,21,3,7
E0,12/02/14,Newcastle,Tottenham,0,4,A,13,15,5,8
E0,12/02/14,Stoke,Swansea,1,1,D,7,13,4,3
E0,22/02/14,Arsenal,Sunderland,4,1,H,12,7,9,3
E0,22/02/14,Cardiff,Hull,0,4,A,23,12,5,6
E0,22/02/14,Chelsea,Everton,1,0,H,25,8,8,2
E0,22/02/14,Crystal Palace,Man United,0,2,A,15,14,6,5
E0,22/02/14,Man City,Stoke,1,0,H,19,7,7,2
E0,22/02/14,West Brom,Fulham,1,1,D,16,7,5,3
E0,22/02/14,West Ham,Southampton,3,1,H,10,25,5,5
E0,23/02/14,Liverpool,Swansea,4,3,H,21,14,10,5
E0,23/02/14,Newcastle,Aston Villa,1,0,H,23,10,5,2
E0,23/02/14,Norwich,Tottenham,1,0,H,13,9,3,2
E0,01/03/14,Everton,West Ham,1,0,H,22,6,3,1
E0,01/03/14,Fulham,Chelsea,1,3,A,7,17,3,8
E0,01/03/14,Hull,Newcastle,1,4,A,13,17,3,7
E0,01/03/14,Southampton,Liverpool,0,3,A,13,12,2,5
E0,01/03/14,Stoke,Arsenal,1,0,H,8,10,4,2
E0,02/03/14,Aston Villa,Norwich,4,1,H,10,7,4,4
E0,02/03/14,Swansea,Crystal Palace,1,1,D,7,7,5,4
E0,02/03/14,Tottenham,Cardiff,1,0,H,15,8,6,2
E0,08/03/14,Cardiff,Fulham,3,1,H,19,14,9,6
E0,08/03/14,Chelsea,Tottenham,4,0,H,12,6,4,2
E0,08/03/14,Crystal Palace,Southampton,0,1,A,6,11,1,3
E0,08/03/14,Norwich,Stoke,1,1,D,13,6,5,3
E0,08/03/14,West Brom,Man United,0,3,A,14,14,3,5
E0,15/03/14,Aston Villa,Chelsea,1,0,H,13,15,4,2
E0,15/03/14,Everton,Cardiff,2,1,H,19,10,6,3
E0,15/03/14,Fulham,Newcastle,1,0,H,12,12,3,3
E0,15/03/14,Hull,Man City,0,2,A,15,8,5,3
E0,15/03/14,Southampton,Norwich,4,2,H,16,6,6,3
E0,15/03/14,Stoke,West Ham,3,1,H,17,8,9,2
E0,15/03/14,Sunderland,Crystal Palace,0,0,D,19,12,2,5
E0,15/03/14,Swansea,West Brom,1,2,A,15,13,4,4
E0,16/03/14,Man United,Liverpool,0,3,A,13,17,1,7
E0,16/03/14,Tottenham,Arsenal,0,1,A,17,7,2,3
E0,22/03/14,Cardiff,Liverpool,3,6,A,9,19,3,9
E0,22/03/14,Chelsea,Arsenal,6,0,H,21,12,11,5
E0,22/03/14,Everton,Swansea,3,2,H,9,21,6,7
E0,22/03/14,Hull,West Brom,2,0,H,12,17,5,4
E0,22/03/14,Man City,Fulham,5,0,H,22,6,12,0
E0,22/03/14,Newcastle,Crystal Palace,1,0,H,21,8,8,1
E0,22/03/14,Norwich,Sunderland,2,0,H,14,10,8,2
E0,22/03/14,West Ham,Man United,0,2,A,10,16,1,7
E0,23/03/14,Aston Villa,Stoke,1,4,A,12,10,3,5
E0,23/03/14,Tottenham,Southampton,3,2,H,15,12,6,4
E0,25/03/14,Arsenal,Swansea,2,2,D,13,8,4,2
E0,25/03/14,Man United,Man City,0,3,A,10,13,4,4
E0,25/03/14,Newcastle,Everton,0,3,A,16,8,3,6
E0,26/03/14,Liverpool,Sunderland,2,1,H,21,12,7,4
E0,26/03/14,West Ham,Hull,2,1,H,9,10,3,3
E0,29/03/14,Arsenal,Man City,1,1,D,10,15,3,4
E0,29/03/14,Crystal Palace,Chelsea,1,0,H,14,21,4,2
E0,29/03/14,Man United,Aston Villa,4,1,H,9,10,6,1
E0,29/03/14,Southampton,Newcastle,4,0,H,23,5,11,2
E0,29/03/14,Stoke,Hull,1,0,H,15,5,3,3
E0,29/03/14,Swansea,Norwich,3,0,H,16,8,7,4
E0,29/03/14,West Brom,Cardiff,3,3,D,16,11,6,5
E0,30/03/14,Fulham,Everton,1,3,A,23,14,8,7
E0,30/03/14,Liverpool,Tottenham,4,0,H,11,15,5,4
E0,31/03/14,Sunderland,West Ham,1,2,A,26,11,7,6
E0,05/04/14,Aston Villa,Fulham,1,2,A,12,16,6,8
E0,05/04/14,Cardiff,Crystal Palace,0,3,A,13,13,4,8
E0,05/04/14,Chelsea,Stoke,3,0,H,18,4,8,2
E0,05/04/14,Hull,Swansea,1,0,H,8,12,4,2
E0,05/04/14,Man City,Southampton,4,1,H,15,5,8,1
E0,05/04/14,Newcastle,Man United,0,4,A,14,8,4,4
E0,05/04/14,Norwich,West Brom,0,1,A,12,8,4,5
E0,06/04/14,Everton,Arsenal,3,0,H,14,15,8,5
E0,06/04/14,West Ham,Liverpool,1,2,A,11,17,1,8
E0,07/04/14,Tottenham,Sunderland,5,1,H,29,8,11,4
E0,12/04/14,Crystal Palace,Aston Villa,1,0,H,14,7,4,4
E0,12/04/14,Fulham,Norwich,1,0,H,14,13,3,3
E0,12/04/14,Southampton,Cardiff,0,1,A,19,6,7,4
E0,12/04/14,Stoke,Newcastle,1,0,H,10,13,3,1
E0,12/04/14,Sunderland,Everton,0,1,A,24,20,6,3
E0,12/04/14,West Brom,Tottenham,3,3,D,6,20,5,8
E0,13/04/14,Liverpool,Man City,3,2,H,10,13,4,5
E0,13/04/14,Swansea,Chelsea,0,1,A,7,26,4,3
E0,15/04/14,Arsenal,West Ham,3,1,H,14,12,8,2
E0,16/04/14,Everton,Crystal Palace,2,3,A,17,7,5,4
E0,16/04/14,Man City,Sunderland,2,2,D,16,11,4,3
E0,19/04/14,Aston Villa,Southampton,0,0,D,6,3,1,2
E0,19/04/14,Cardiff,Stoke,1,1,D,13,14,4,5
E0,19/04/14,Chelsea,Sunderland,1,2,A,31,7,15,3
E0,19/04/14,Newcastle,Swansea,1,2,A,14,10,4,2
E0,19/04/14,Tottenham,Fulham,3,1,H,14,11,5,4
E0,19/04/14,West Ham,Crystal Palace,0,1,A,13,11,4,3
E0,20/04/14,Everton,Man United,2,0,H,17,9,5,2
E0,20/04/14,Hull,Arsenal,0,3,A,13,12,4,6
E0,20/04/14,Norwich,Liverpool,2,3,A,13,14,5,6
E0,21/04/14,Man City,West Brom,3,1,H,19,10,6,3
E0,26/04/14,Fulham,Hull,2,2,D,10,8,3,4
E0,26/04/14,Man United,Norwich,4,0,H,25,9,11,2
E0,26/04/14,Southampton,Everton,2,0,H,14,9,4,2
E0,26/04/14,Stoke,Tottenham,0,1,A,17,16,3,4
E0,26/04/14,Swansea,Aston Villa,4,1,H,11,11,8,3
E0,26/04/14,West Brom,West Ham,1,0,H,19,9,6,3
E0,27/04/14,Crystal Palace,Man City,0,2,A,3,16,2,6
E0,27/04/14,Liverpool,Chelsea,0,2,A,26,11,8,4
E0,27/04/14,Sunderland,Cardiff,4,0,H,21,6,7,1
E0,28/04/14,Arsenal,Newcastle,3,0,H,20,8,8,3
E0,03/05/14,Aston Villa,Hull,3,1,H,15,7,9,2
E0,03/05/14,Man United,Sunderland,0,1,A,17,8,2,1
E0,03/05/14,Newcastle,Cardiff,3,0,H,22,16,6,3
E0,03/05/14,Stoke,Fulham,4,1,H,23,10,8,2
E0,03/05/14,Swansea,Southampton,0,1,A,12,18,3,4
E0,03/05/14,West Ham,Tottenham,2,0,H,20,12,8,3
E0,03/05/14,Everton,Man City,2,3,A,9,18,4,6
E0,04/05/14,Arsenal,West Brom,1,0,H,15,11,4,1
E0,04/05/14,Chelsea,Norwich,0,0,D,23,6,4,3
E0,05/05/14,Crystal Palace,Liverpool,3,3,D,10,26,6,9
E0,06/05/14,Man United,Hull,3,1,H,18,2,7,2
E0,07/05/14,Man City,Aston Villa,4,0,H,18,5,9,0
E0,07/05/14,Sunderland,West Brom,2,0,H,10,13,4,3
E0,11/05/14,Cardiff,Chelsea,1,2,A,10,28,4,7
E0,11/05/14,Fulham,Crystal Palace,2,2,D,15,15,5,6
E0,11/05/14,Hull,Everton,0,2,A,12,11,3,4
E0,11/05/14,Liverpool,Newcastle,2,1,H,13,8,5,2
E0,11/05/14,Man City,West Ham,2,0,H,28,3,7,0
E0,11/05/14,Norwich,Arsenal,0,2,A,11,14,5,8
E0,11/05/14,Southampton,Man United,1,1,D,15,8,6,2
E0,11/05/14,Sunderland,Swansea,1,3,A,20,8,4,4
E0,11/05/14,Tottenham,Aston Villa,3,0,H,12,4,6,1
E0,11/05/14,West Brom,Stoke,1,2,A,17,15,4,4
E0,08/08/15,Bournemouth,Aston Villa,0,1,A,11,7,2,3
E0,08/08/15,Chelsea,Swansea,2,2,D,11,18,3,10
E0,08/08/15,Everton,Watford,2,2,D,10,11,5,5
E0,08/08/15,Leicester,Sunderland,4,2,H,19,10,8,5
E0,08/08/15,Man United,Tottenham,1,0,H,9,9,1,4
E0,08/08/15,Norwich,Crystal Palace,1,3,A,17,11,6,7
E0,09/08/15,Arsenal,West Ham,0,2,A,22,8,6,4
E0,09/08/15,Newcastle,Southampton,2,2,D,9,15,4,5
E0,09/08/15,Stoke,Liverpool,0,1,A,7,8,1,3
E0,10/08/15,West Brom,Man City,0,3,A,9,19,2,7
E0,14/08/15,Aston Villa,Man United,0,1,A,5,9,1,2
E0,15/08/15,Southampton,Everton,0,3,A,17,10,4,4
E0,15/08/15,Sunderland,Norwich,1,3,A,6,19,2,6
E0,15/08/15,Swansea,Newcastle,2,0,H,19,4,6,2
E0,15/08/15,Tottenham,Stoke,2,2,D,13,16,7,7
E0,15/08/15,Watford,West Brom,0,0,D,16,6,5,0
E0,15/08/15,West Ham,Leicester,1,2,A,10,11,3,6
E0,16/08/15,Crystal Palace,Arsenal,1,2,A,11,20,4,7
E0,16/08/15,Man City,Chelsea,3,0,H,18,10,8,3
E0,17/08/15,Liverpool,Bournemouth,1,0,H,18,13,2,2
E0,22/08/15,Crystal Palace,Aston Villa,2,1,H,16,11,6,2
E0,22/08/15,Leicester,Tottenham,1,1,D,13,19,2,6
E0,22/08/15,Man United,Newcastle,0,0,D,20,7,8,0
E0,22/08/15,Norwich,Stoke,1,1,D,21,6,7,1
E0,22/08/15,Sunderland,Swansea,1,1,D,10,20,2,9
E0,22/08/15,West Ham,Bournemouth,3,4,A,10,15,4,7
E0,23/08/15,Everton,Man City,0,2,A,10,16,1,9
E0,23/08/15,Watford,Southampton,0,0,D,13,14,0,5
E0,23/08/15,West Brom,Chelsea,2,3,A,15,15,6,5
E0,24/08/15,Arsenal,Liverpool,0,0,D,19,15,5,8
E0,29/08/15,Aston Villa,Sunderland,2,2,D,21,7,6,3
E0,29/08/15,Bournemouth,Leicester,1,1,D,5,4,2,2
E0,29/08/15,Chelsea,Crystal Palace,1,2,A,26,13,9,6
E0,29/08/15,Liverpool,West Ham,0,3,A,13,12,1,5
E0,29/08/15,Man City,Watford,2,0,H,18,7,5,0
E0,29/08/15,Newcastle,Arsenal,0,1,A,1,22,0,9
E0,29/08/15,Stoke,West Brom,0,1,A,13,15,5,5
E0,29/08/15,Tottenham,Everton,0,0,D,20,8,6,3
E0,30/08/15,Southampton,Norwich,3,0,H,23,6,8,1
E0,30/08/15,Swansea,Man United,2,1,H,9,11,4,4
E0,12/09/15,Arsenal,Stoke,2,0,H,29,9,12,4
E0,12/09/15,Crystal Palace,Man City,0,1,A,10,21,2,7
E0,12/09/15,Everton,Chelsea,3,1,H,14,15,9,2
E0,12/09/15,Man United,Liverpool,3,1,H,9,8,3,4
E0,12/09/15,Norwich,Bournemouth,3,1,H,12,7,4,2
E0,12/09/15,Watford,Swansea,1,0,H,17,8,6,3
E0,12/09/15,West Brom,Southampton,0,0,D,8,14,1,4
E0,13/09/15,Leicester,Aston Villa,3,2,H,21,11,6,4
E0,13/09/15,Sunderland,Tottenham,0,1,A,12,15,2,4
E0,14/09/15,West Ham,Newcastle,2,0,H,17,14,3,4
E0,19/09/15,Aston Villa,West Brom,0,1,A,13,11,3,6
E0,19/09/15,Bournemouth,Sunderland,2,0,H,15,9,5,2
E0,19/09/15,Chelsea,Arsenal,2,0,H,22,9,7,2
E0,19/09/15,Man City,West Ham,1,2,A,27,6,8,3
E0,19/09/15,Newcastle,Watford,1,2,A,15,13,5,4
E0,19/09/15,Stoke,Leicester,2,2,D,11,12,4,5
E0,19/09/15,Swansea,Everton,0,0,D,12,17,3,2
E0,20/09/15,Liverpool,Norwich,1,1,D,23,7,7,2
E0,20/09/15,Southampton,Man United,2,3,A,15,10,8,3
E0,20/09/15,Tottenham,Crystal Palace,1,0,H,22,12,6,4
E0,26/09/15,Leicester,Arsenal,2,5,A,16,26,7,12
E0,26/09/15,Liverpool,Aston Villa,3,2,H,21,10,12,4
E0,26/09/15,Man United,Sunderland,3,0,H,12,9,7,4
E0,26/09/15,Newcastle,Chelsea,2,2,D,11,16,5,4
E0,26/09/15,Southampton,Swansea,3,1,H,18,11,7,4
E0,26/09/15,Stoke,Bournemouth,2,1,H,8,11,5,6
E0,26/09/15,Tottenham,Man City,4,1,H,15,22,8,8
E0,26/09/15,West Ham,Norwich,2,2,D,19,16,7,7
E0,27/09/15,Watford,Crystal Palace,0,1,A,15,16,2,3
E0,28/09/15,West Brom,Everton,2,3,A,9,12,4,4
E0,03/10/15,Aston Villa,Stoke,0,1,A,13,12,2,5
E0,03/10/15,Bournemouth,Watford,1,1,D,12,11,6,2
E0,03/10/15,Chelsea,Southampton,1,3,A,10,13,3,5
E0,03/10/15,Crystal Palace,West Brom,2,0,H,21,7,8,2
E0,03/10/15,Man City,Newcastle,6,1,H,23,6,11,4
E0,03/10/15,Norwich,Leicester,1,2,A,17,16,2,5
E0,03/10/15,Sunderland,West Ham,2,2,D,12,20,3,6
E0,04/10/15,Arsenal,Man United,3,0,H,12,9,5,5
E0,04/10/15,Everton,Liverpool,1,1,D,14,13,4,4
E0,04/10/15,Swansea,Tottenham,2,2,D,11,19,2,11
E0,17/10/15,Chelsea,Aston Villa,2,0,H,9,8,3,1
E0,17/10/15,Crystal Palace,West Ham,1,3,A,6,24,1,4
E0,17/10/15,Everton,Man United,0,3,A,12,10,3,7
E0,17/10/15,Man City,Bournemouth,5,1,H,15,5,11,1
E0,17/10/15,Southampton,Leicester,2,2,D,14,26,6,7
E0,17/10/15,Tottenham,Liverpool,0,0,D,13,12,4,3
E0,17/10/15,Watford,Arsenal,0,3,A,8,17,1,6
E0,17/10/15,West Brom,Sunderland,1,0,H,8,9,1,2
E0,18/10/15,Newcastle,Norwich,6,2,H,11,18,6,6
E0,19/10/15,Swansea,Stoke,0,1,A,14,9,2,2
E0,24/10/15,Arsenal,Everton,2,1,H,20,10,5,5
E0,24/10/15,Aston Villa,Swansea,1,2,A,9,11,3,4
E0,24/10/15,Leicester,Crystal Palace,1,0,H,12,9,3,4
E0,24/10/15,Norwich,West Brom,0,1,A,16,7,3,4
E0,24/10/15,Stoke,Watford,0,2,A,12,13,1,3
E0,24/10/15,West Ham,Chelsea,2,1,H,12,8,5,4
E0,25/10/15,Bournemouth,Tottenham,1,5,A,11,14,3,9
E0,25/10/15,Liverpool,Southampton,1,1,D,15,8,2,3
E0,25/10/15,Man United,Man City,0,0,D,6,6,1,1
E0,25/10/15,Sunderland,Newcastle,3,0,H,9,21,3,8
E0,31/10/15,Chelsea,Liverpool,1,3,A,8,16,2,7
E0,31/10/15,Crystal Palace,Man United,0,0,D,10,5,5,1
E0,31/10/15,Man City,Norwich,2,1,H,21,5,5,3
E0,31/10/15,Newcastle,Stoke,0,0,D,15,9,6,2
E0,31/10/15,Swansea,Arsenal,0,3,A,8,15,3,5
E0,31/10/15,Watford,West Ham,2,0,H,20,8,5,3
E0,31/10/15,West Brom,Leicester,2,3,A,14,13,6,5
E0,01/11/15,Everton,Sunderland,6,2,H,15,17,8,9
E0,01/11/15,Southampton,Bournemouth,2,0,H,11,16,2,2
E0,02/11/15,Tottenham,Aston Villa,3,1,H,17,13,6,2
E0,07/11/15,Bournemouth,Newcastle,0,1,A,20,2,5,1
E0,07/11/15,Leicester,Watford,2,1,H,12,8,6,4
E0,07/11/15,Man United,West Brom,2,0,H,13,4,3,0
E0,07/11/15,Norwich,Swansea,1,0,H,9,8,5,0
E0,07/11/15,Stoke,Chelsea,1,0,H,8,19,2,4
E0,07/11/15,Sunderland,Southampton,0,1,A,9,11,3,4
E0,07/11/15,West Ham,Everton,1,1,D,16,13,5,4
E0,08/11/15,Arsenal,Tottenham,1,1,D,10,14,4,4
E0,08/11/15,Aston Villa,Man City,0,0,D,3,13,0,3
E0,08/11/15,Liverpool,Crystal Palace,1,2,A,22,9,4,4
E0,21/11/15,Chelsea,Norwich,1,0,H,21,4,7,2
E0,21/11/15,Everton,Aston Villa,4,0,H,16,10,9,3
E0,21/11/15,Man City,Liverpool,1,4,A,11,14,3,9
E0,21/11/15,Newcastle,Leicester,0,3,A,9,18,1,7
E0,21/11/15,Southampton,Stoke,0,1,A,16,16,1,4
E0,21/11/15,Swansea,Bournemouth,2,2,D,11,16,4,4
E0,21/11/15,Watford,Man United,1,2,A,10,13,5,6
E0,21/11/15,West Brom,Arsenal,2,1,H,4,11,1,3
E0,22/11/15,Tottenham,West Ham,4,1,H,22,10,12,4
E0,23/11/15,Crystal Palace,Sunderland,0,1,A,19,12,7,4
E0,28/11/15,Aston Villa,Watford,2,3,A,12,14,6,6
E0,28/11/15,Bournemouth,Everton,3,3,D,19,11,10,6
E0,28/11/15,Crystal Palace,Newcastle,5,1,H,19,7,8,2
E0,28/11/15,Leicester,Man United,1,1,D,7,10,3,2
E0,28/11/15,Man City,Southampton,3,1,H,16,12,9,8
E0,28/11/15,Sunderland,Stoke,2,0,H,18,7,5,3
E0,29/11/15,Liverpool,Swansea,1,0,H,10,8,2,0
E0,29/11/15,Norwich,Arsenal,1,1,D,7,12,2,3
E0,29/11/15,Tottenham,Chelsea,0,0,D,9,5,4,1
E0,29/11/15,West Ham,West Brom,1,1,D,17,7,6,3
E0,05/12/15,Arsenal,Sunderland,3,1,H,16,11,7,4
E0,05/12/15,Chelsea,Bournemouth,0,1,A,19,15,6,5
E0,05/12/15,Man United,West Ham,0,0,D,21,9,1,2
E0,05/12/15,Southampton,Aston Villa,1,1,D,23,9,5,2
E0,05/12/15,Stoke,Man City,2,0,H,7,11,4,4
E0,05/12/15,Swansea,Leicester,0,3,A,10,16,2,5
E0,05/12/15,Watford,Norwich,2,0,H,14,6,7,1
E0,05/12/15,West Brom,Tottenham,1,1,D,11,9,4,3
E0,06/12/15,Newcastle,Liverpool,2,0,H,6,10,1,1
E0,07/12/15,Everton,Crystal Palace,1,1,D,19,14,4,5
E0,12/12/15,Bournemouth,Man United,2,1,H,11,11,5,5
E0,12/12/15,Crystal Palace,Southampton,1,0,H,12,15,5,3
E0,12/12/15,Man City,Swansea,2,1,H,13,13,5,7
E0,12/12/15,Norwich,Everton,1,1,D,9,15,2,3
E0,12/12/15,Sunderland,Watford,0,1,A,14,13,2,6
E0,12/12/15,West Ham,Stoke,0,0,D,22,12,9,3
E0,13/12/15,Aston Villa,Arsenal,0,2,A,18,8,2,4
E0,13/12/15,Liverpool,West Brom,2,2,D,28,4,8,2
E0,13/12/15,Tottenham,Newcastle,1,2,A,20,8,8,4
E0,14/12/15,Leicester,Chelsea,2,1,H,9,11,5,5
E0,19/12/15,Chelsea,Sunderland,3,1,H,17,11,7,3
E0,19/12/15,Everton,Leicester,2,3,A,13,10,5,5
E0,19/12/15,Man United,Norwich,1,2,A,11,6,2,4
E0,19/12/15,Newcastle,Aston Villa,1,1,D,8,10,4,7
E0,19/12/15,Southampton,Tottenham,0,2,A,11,13,4,6
E0,19/12/15,Stoke,Crystal Palace,1,2,A,26,12,5,3
E0,19/12/15,West Brom,Bournemouth,1,2,A,6,16,2,7
E0,20/12/15,Swansea,West Ham,0,0,D,21,11,2,2
E0,20/12/15,Watford,Liverpool,3,0,H,6,12,5,4
E0,21/12/15,Arsenal,Man City,2,1,H,8,20,5,6
E0,26/12/15,Aston Villa,West Ham,1,1,D,5,10,8,4
E0,26/12/15,Bournemouth,Crystal Palace,0,0,D,10,8,4,0
E0,26/12/15,Chelsea,Watford,2,2,D,17,12,2,3
E0,26/12/15,Liverpool,Leicester,1,0,H,25,7,4,3
E0,26/12/15,Man City,Sunderland,4,1,H,19,11,9,3
E0,26/12/15,Newcastle,Everton,0,1,A,10,20,1,7
E0,26/12/15,Southampton,Arsenal,4,0,H,15,7,5,4
E0,26/12/15,Stoke,Man United,2,0,H,13,11,3,6
E0,26/12/15,Swansea,West Brom,1,0,H,7,9,2,3
E0,26/12/15,Tottenham,Norwich,3,0,H,15,11,10,3
E0,28/12/15,Arsenal,Bournemouth,2,0,H,13,10,6,3
E0,28/12/15,Crystal Palace,Swansea,0,0,D,10,5,2,3
E0,28/12/15,Everton,Stoke,3,4,A,15,8,3,5
E0,28/12/15,Man United,Chelsea,0,0,D,12,8,2,3
E0,28/12/15,Norwich,Aston Villa,2,0,H,9,6,4,3
E0,28/12/15,Watford,Tottenham,1,2,A,9,10,1,3
E0,28/12/15,West Brom,Newcastle,1,0,H,22,7,5,2
E0,28/12/15,West Ham,Southampton,2,1,H,13,15,5,4
E0,29/12/15,Leicester,Man City,0,0,D,11,21,4,5
E0,30/12/15,Sunderland,Liverpool,0,1,A,8,17,3,6
E0,02/01/16,Arsenal,Newcastle,1,0,H,16,15,3,6
E0,02/01/16,Leicester,Bournemouth,0,0,D,16,9,2,0
E0,02/01/16,Man United,Swansea,2,1,H,19,9,6,4
E0,02/01/16,Norwich,Southampton,1,0,H,10,10,1,4
E0,02/01/16,Sunderland,Aston Villa,3,1,H,13,8,6,3
E0,02/01/16,Watford,Man City,1,2,A,11,16,3,5
E0,02/01/16,West Brom,Stoke,2,1,H,16,10,5,3
E0,02/01/16,West Ham,Liverpool,2,0,H,18,23,10,2
E0,03/01/16,Crystal Palace,Chelsea,0,3,A,8,10,4,4
E0,03/01/16,Everton,Tottenham,1,1,D,12,19,3,4
E0,12/01/16,Aston Villa,Crystal Palace,1,0,H,13,9,3,1
E0,12/01/16,Bournemouth,West Ham,1,3,A,11,10,4,5
E0,12/01/16,Newcastle,Man United,3,3,D,14,12,6,4
E0,13/01/16,Chelsea,West Brom,2,2,D,14,13,2,6
E0,13/01/16,Liverpool,Arsenal,3,3,D,22,14,6,5
E0,13/01/16,Man City,Everton,0,0,D,22,7,5,2
E0,13/01/16,Southampton,Watford,2,0,H,15,4,7,1
E0,13/01/16,Stoke,Norwich,3,1,H,14,5,4,2
E0,13/01/16,Swansea,Sunderland,2,4,A,10,7,5,5
E0,13/01/16,Tottenham,Leicester,0,1,A,21,10,5,2
E0,16/01/16,Aston Villa,Leicester,1,1,D,14,12,5,5
E0,16/01/16,Bournemouth,Norwich,3,0,H,15,10,8,3
E0,16/01/16,Chelsea,Everton,3,3,D,14,9,7,4
E0,16/01/16,Man City,Crystal Palace,4,0,H,17,9,4,3
E0,16/01/16,Newcastle,West Ham,2,1,H,23,10,10,3
E0,16/01/16,Southampton,West Brom,3,0,H,9,9,5,0
E0,16/01/16,Tottenham,Sunderland,4,1,H,26,5,11,2
E0,17/01/16,Liverpool,Man United,0,1,A,19,7,4,1
E0,17/01/16,Stoke,Arsenal,0,0,D,14,8,6,3
E0,18/01/16,Swansea,Watford,1,0,H,10,13,2,2
E0,23/01/16,Crystal Palace,Tottenham,1,3,A,11,24,3,11
E0,23/01/16,Leicester,Stoke,3,0,H,15,3,5,2
E0,23/01/16,Man United,Southampton,0,1,A,8,7,1,2
E0,23/01/16,Norwich,Liverpool,4,5,A,6,13,5,7
E0,23/01/16,Sunderland,Bournemouth,1,1,D,10,15,5,5
E0,23/01/16,Watford,Newcastle,2,1,H,13,11,5,2
E0,23/01/16,West Brom,Aston Villa,0,0,D,4,15,0,4
E0,23/01/16,West Ham,Man City,2,2,D,10,16,3,3
E0,24/01/16,Arsenal,Chelsea,0,1,A,9,12,1,6
E0,24/01/16,Everton,Swansea,1,2,A,20,7,2,5
E0,02/02/16,Arsenal,Southampton,0,0,D,21,14,11,3
E0,02/02/16,Crystal Palace,Bournemouth,1,2,A,14,8,3,4
E0,02/02/16,Leicester,Liverpool,2,0,H,13,14,6,2
E0,02/02/16,Man United,Stoke,3,0,H,15,10,5,0
E0,02/02/16,Norwich,Tottenham,0,3,A,10,17,2,6
E0,02/02/16,Sunderland,Man City,0,1,A,11,6,2,2
E0,02/02/16,West Brom,Swansea,1,1,D,17,18,7,4
E0,02/02/16,West Ham,Aston Villa,2,0,H,25,6,6,2
E0,03/02/16,Everton,Newcastle,3,0,H,18,7,7,3
E0,03/02/16,Watford,Chelsea,0,0,D,12,12,3,4
E0,06/02/16,Aston Villa,Norwich,2,0,H,10,12,3,4
E0,06/02/16,Liverpool,Sunderland,2,2,D,16,7,5,2
E0,06/02/16,Man City,Leicester,1,3,A,22,14,4,7
E0,06/02/16,Newcastle,West Brom,1,0,H,19,7,7,0
E0,06/02/16,Southampton,West Ham,1,0,H,8,18,2,2
E0,06/02/16,Stoke,Everton,0,3,A,11,14,3,6
E0,06/02/16,Swansea,Crystal Palace,1,1,D,19,12,3,2
E0,06/02/16,Tottenham,Watford,1,0,H,26,3,9,0
E0,07/02/16,Bournemouth,Arsenal,0,2,A,17,10,4,5
E0,07/02/16,Chelsea,Man United,1,1,D,16,17,5,7
E0,13/02/16,Bournemouth,Stoke,1,3,A,11,11,2,6
E0,13/02/16,Chelsea,Newcastle,5,1,H,15,10,5,4
E0,13/02/16,Crystal Palace,Watford,1,2,A,14,10,7,3
E0,13/02/16,Everton,West Brom,0,1,A,34,5,6,1
E0,13/02/16,Norwich,West Ham,2,2,D,13,11,3,6
E0,13/02/16,Sunderland,Man United,2,1,H,21,12,5,6
E0,13/02/16,Swansea,Southampton,0,1,A,13,13,2,5
E0,14/02/16,Arsenal,Leicester,2,1,H,24,7,6,3
E0,14/02/16,Aston Villa,Liverpool,0,6,A,6,11,1,9
E0,14/02/16,Man City,Tottenham,1,2,A,19,6,4,3
E0,27/02/16,Leicester,Norwich,1,0,H,13,9,3,1
E0,27/02/16,Southampton,Chelsea,1,2,A,7,16,2,4
E0,27/02/16,Stoke,Aston Villa,2,1,H,11,5,3,1
E0,27/02/16,Watford,Bournemouth,0,0,D,14,11,1,3
E0,27/02/16,West Brom,Crystal Palace,3,2,H,11,15,5,2
E0,27/02/16,West Ham,Sunderland,1,0,H,9,13,3,4
E0,28/02/16,Tottenham,Swansea,2,1,H,34,10,14,4
E0,28/02/16,Man United,Arsenal,3,2,H,7,13,5,5
E0,01/03/16,Aston Villa,Everton,1,3,A,14,10,5,7
E0,01/03/16,Bournemouth,Southampton,2,0,H,9,6,4,1
E0,01/03/16,Leicester,West Brom,2,2,D,22,11,5,3
E0,01/03/16,Norwich,Chelsea,1,2,A,13,10,2,2
E0,01/03/16,Sunderland,Crystal Palace,2,2,D,17,13,6,5
E0,02/03/16,Arsenal,Swansea,1,2,A,18,11,4,2
E0,02/03/16,Liverpool,Man City,3,0,H,11,4,7,2
E0,02/03/16,Man United,Watford,1,0,H,14,13,3,3
E0,02/03/16,Stoke,Newcastle,1,0,H,9,5,2,3
E0,02/03/16,West Ham,Tottenham,1,0,H,14,9,3,2
E0,05/03/16,Chelsea,Stoke,1,1,D,20,16,7,5
E0,05/03/16,Everton,West Ham,2,3,A,15,17,8,5
E0,05/03/16,Man City,Aston Villa,4,0,H,22,2,9,1
E0,05/03/16,Newcastle,Bournemouth,1,3,A,14,16,3,5
E0,05/03/16,Southampton,Sunderland,1,1,D,16,11,5,3
E0,05/03/16,Swansea,Norwich,1,0,H,10,8,3,3
E0,05/03/16,Tottenham,Arsenal,2,2,D,26,10,11,4
E0,05/03/16,Watford,Leicester,0,1,A,11,14,4,7
E0,06/03/16,Crystal Palace,Liverpool,1,2,A,14,19,4,5
E0,06/03/16,West Brom,Man United,1,0,H,9,7,2,1
E0,12/03/16,Bournemouth,Swansea,3,2,H,12,12,4,4
E0,12/03/16,Norwich,Man City,0,0,D,5,15,0,3
E0,12/03/16,Stoke,Southampton,1,2,A,13,11,2,4
E0,13/03/16,Aston Villa,Tottenham,0,2,A,11,19,2,8
E0,14/03/16,Leicester,Newcastle,1,0,H,10,13,1,2
E0,19/03/16,Chelsea,West Ham,2,2,D,22,13,5,6
E0,19/03/16,Crystal Palace,Leicester,0,1,A,12,8,4,3
E0,19/03/16,Everton,Arsenal,0,2,A,8,11,2,3
E0,19/03/16,Swansea,Aston Villa,1,0,H,10,12,1,2
E0,19/03/16,Watford,Stoke,1,2,A,9,9,4,6
E0,19/03/16,West Brom,Norwich,0,1,A,10,7,0,1
E0,20/03/16,Man City,Man United,0,1,A,26,5,2,3
E0,20/03/16,Newcastle,Sunderland,1,1,D,17,14,8,4
E0,20/03/16,Southampton,Liverpool,3,2,H,16,18,5,9
E0,20/03/16,Tottenham,Bournemouth,3,0,H,17,2,8,0
E0,02/04/16,Arsenal,Watford,4,0,H,19,6,12,2
E0,02/04/16,Aston Villa,Chelsea,0,4,A,15,11,4,8
E0,02/04/16,Bournemouth,Man City,0,4,A,11,15,2,7
E0,02/04/16,Liverpool,Tottenham,1,1,D,15,18,7,5
E0,02/04/16,Norwich,Newcastle,3,2,H,13,13,6,5
E0,02/04/16,Stoke,Swansea,2,2,D,12,12,5,3
E0,02/04/16,Sunderland,West Brom,0,0,D,22,3,7,0
E0,02/04/16,West Ham,Crystal Palace,2,2,D,18,12,6,5
E0,03/04/16,Leicester,Southampton,1,0,H,11,10,4,2
E0,03/04/16,Man United,Everton,1,0,H,10,7,2,1
E0,09/04/16,Aston Villa,Bournemouth,1,2,A,6,12,1,3
E0,09/04/16,Crystal Palace,Norwich,1,0,H,13,13,6,4
E0,09/04/16,Man City,West Brom,2,1,H,13,13,4,2
E0,09/04/16,Southampton,Newcastle,3,1,H,20,5,6,3
E0,09/04/16,Swansea,Chelsea,1,0,H,12,8,6,2
E0,09/04/16,Watford,Everton,1,1,D,13,12,5,7
E0,09/04/16,West Ham,Arsenal,3,3,D,19,11,7,6
E0,10/04/16,Liverpool,Stoke,4,1,H,14,10,6,3
E0,10/04/16,Sunderland,Leicester,0,2,A,15,17,1,7
E0,10/04/16,Tottenham,Man United,3,0,H,16,5,8,1
E0,13/04/16,Crystal Palace,Everton,0,0,D,18,9,6,5
E0,16/04/16,Chelsea,Man City,0,3,A,11,11,4,8
E0,16/04/16,Everton,Southampton,1,1,D,7,18,2,4
E0,16/04/16,Man United,Aston Villa,1,0,H,13,7,4,1
E0,16/04/16,Newcastle,Swansea,3,0,H,12,11,7,1
E0,16/04/16,Norwich,Sunderland,0,3,A,19,8,6,3
E0,16/04/16,West Brom,Watford,0,1,A,16,11,4,4
E0,17/04/16,Arsenal,Crystal Palace,1,1,D,21,7,6,2
E0,17/04/16,Bournemouth,Liverpool,1,2,A,18,19,5,6
E0,17/04/16,Leicester,West Ham,2,2,D,6,19,2,4
E0,18/04/16,Stoke,Tottenham,0,4,A,12,23,2,6
E0,19/04/16,Newcastle,Man City,1,1,D,5,9,3,5
E0,20/04/16,Liverpool,Everton,4,0,H,37,3,13,0
E0,20/04/16,Man United,Crystal Palace,2,0,H,16,5,10,0
E0,20/04/16,West Ham,Watford,3,1,H,18,7,7,4
E0,21/04/16,Arsenal,West Brom,2,0,H,16,8,7,1
E0,23/04/16,Aston Villa,Southampton,2,4,A,16,17,7,7
E0,23/04/16,Bournemouth,Chelsea,1,4,A,13,16,4,4
E0,23/04/16,Liverpool,Newcastle,2,2,D,13,6,4,3
E0,23/04/16,Man City,Stoke,4,0,H,11,14,6,2
E0,24/04/16,Leicester,Swansea,4,0,H,18,9,9,1
E0,24/04/16,Sunderland,Arsenal,0,0,D,12,20,3,7
E0,25/04/16,Tottenham,West Brom,1,1,D,19,16,2,3
E0,30/04/16,Arsenal,Norwich,1,0,H,14,12,3,3
E0,30/04/16,Everton,Bournemouth,2,1,H,12,16,5,2
E0,30/04/16,Newcastle,Crystal Palace,1,0,H,10,9,4,3
E0,30/04/16,Stoke,Sunderland,1,1,D,11,14,3,5
E0,30/04/16,Watford,Aston Villa,3,2,H,18,7,6,2
E0,30/04/16,West Brom,West Ham,0,3,A,15,8,5,4
E0,01/05/16,Man United,Leicester,1,1,D,21,14,6,3
E0,01/05/16,Southampton,Man City,4,2,H,14,6,7,5
E0,01/05/16,Swansea,Liverpool,3,1,H,18,11,9,3
E0,02/05/16,Chelsea,Tottenham,2,2,D,13,16,5,5
E0,07/05/16,Aston Villa,Newcastle,0,0,D,2,9,0,3
E0,07/05/16,Bournemouth,West Brom,1,1,D,12,12,4,4
E0,07/05/16,Crystal Palace,Stoke,2,1,H,17,12,4,3
E0,07/05/16,Leicester,Everton,3,1,H,32,9,8,5
E0,07/05/16,Norwich,Man United,0,1,A,8,15,2,2
E0,07/05/16,Sunderland,Chelsea,3,2,H,15,9,4,8
E0,07/05/16,West Ham,Swansea,1,4,A,25,13,7,6
E0,08/05/16,Liverpool,Watford,2,0,H,19,14,5,3
E0,08/05/16,Man City,Arsenal,2,2,D,14,5,3,2
E0,08/05/16,Tottenham,Southampton,1,2,A,20,10,6,2
E0,10/05/16,West Ham,Man United,3,2,H,20,3,6,2
E0,11/05/16,Liverpool,Chelsea,1,1,D,28,13,9,7
E0,11/05/16,Norwich,Watford,4,2,H,18,12,6,7
E0,11/05/16,Sunderland,Everton,3,0,H,14,17,8,6
E0,15/05/16,Arsenal,Aston Villa,4,0,H,16,5,7,2
E0,15/05/16,Chelsea,Leicester,1,1,D,17,18,4,5
E0,15/05/16,Everton,Norwich,3,0,H,15,10,8,2
E0,15/05/16,Newcastle,Tottenham,5,1,H,19,17,10,5
E0,15/05/16,Southampton,Crystal Palace,4,1,H,18,16,5,4
E0,15/05/16,Stoke,West Ham,2,1,H,7,20,4,7
E0,15/05/16,Swansea,Man City,1,1,D,4,18,1,5
E0,15/05/16,Watford,Sunderland,2,2,D,21,6,6,4
E0,15/05/16,West Brom,Liverpool,1,1,D,13,7,1,3
E0,17/05/16,Man United,Bournemouth,3,1,H,12,7,5,0
E0,13/08/16,Bournemouth,Man United
E0,13/08/16,Arsenal,Liverpool
E0,13/08/16,Burnley,Swansea
E0,13/08/16,Chelsea,West Ham
E0,13/08/16,Crystal Palace,West Brom
E0,13/08/16,Everton,Tottenham
E0,13/08/16,Hull,Leicester
E0,13/08/16,Man City,Sunderland
E0,13/08/16,Middlesbrough,Stoke
E0,13/08/16,Southampton,Watford
E0,20/08/16,Leicester,Arsenal
E0,20/08/16,Liverpool,Burnley
E0,20/08/16,Man United,Southampton
E0,20/08/16,Stoke,Man City
E0,20/08/16,Sunderland,Middlesbrough
E0,20/08/16,Swansea,Hull
E0,20/08/16,Tottenham,Crystal Palace
E0,20/08/16,Watford,Chelsea
E0,20/08/16,West Brom,Everton
E0,20/08/16,West Ham,Bournemouth
E0,27/08/16,Chelsea,Burnley
E0,27/08/16,Crystal Palace,Bournemouth
E0,27/08/16,Everton,Stoke
E0,27/08/16,Hull,Man United
E0,27/08/16,Leicester,Swansea
E0,27/08/16,Man City,West Ham
E0,27/08/16,Southampton,Sunderland
E0,27/08/16,Tottenham,Liverpool
E0,27/08/16,Watford,Arsenal
E0,27/08/16,West Brom,Middlesbrough
E0,10/09/16,Bournemouth,West Brom
E0,10/09/16,Arsenal,Southampton
E0,10/09/16,Burnley,Hull
E0,10/09/16,Liverpool,Leicester
E0,10/09/16,Man United,Man City
E0,10/09/16,Middlesbrough,Crystal Palace
E0,10/09/16,Stoke,Tottenham
E0,10/09/16,Sunderland,Everton
E0,10/09/16,Swansea,Chelsea
E0,10/09/16,West Ham,Watford
E0,17/09/16,Chelsea,Liverpool
E0,17/09/16,Crystal Palace,Stoke
E0,17/09/16,Everton,Middlesbrough
E0,17/09/16,Hull,Arsenal
E0,17/09/16,Leicester,Burnley
E0,17/09/16,Man City,Bournemouth
E0,17/09/16,Southampton,Swansea
E0,17/09/16,Tottenham,Sunderland
E0,17/09/16,Watford,Man United
E0,17/09/16,West Brom,West Ham
E0,24/09/16,Bournemouth,Everton
E0,24/09/16,Arsenal,Chelsea
E0,24/09/16,Burnley,Watford
E0,24/09/16,Liverpool,Hull
E0,24/09/16,Man United,Leicester
E0,24/09/16,Middlesbrough,Tottenham
E0,24/09/16,Stoke,West Brom
E0,24/09/16,Sunderland,Crystal Palace
E0,24/09/16,Swansea,Man City
E0,24/09/16,West Ham,Southampton
E0,01/10/16,Burnley,Arsenal
E0,01/10/16,Everton,Crystal Palace
E0,01/10/16,Hull,Chelsea
E0,01/10/16,Leicester,Southampton
E0,01/10/16,Man United,Stoke
E0,01/10/16,Sunderland,West Brom
E0,01/10/16,Swansea,Liverpool
E0,01/10/16,Tottenham,Man City
E0,01/10/16,Watford,Bournemouth
E0,01/10/16,West Ham,Middlesbrough
E0,15/10/16,Bournemouth,Hull
E0,15/10/16,Arsenal,Swansea
E0,15/10/16,Chelsea,Leicester
E0,15/10/16,Crystal Palace,West Ham
E0,15/10/16,Liverpool,Man United
E0,15/10/16,Man City,Everton
E0,15/10/16,Middlesbrough,Watford
E0,15/10/16,Southampton,Burnley
E0,15/10/16,Stoke,Sunderland
E0,15/10/16,West Brom,Tottenham
E0,22/10/16,Bournemouth,Tottenham
E0,22/10/16,Arsenal,Middlesbrough
E0,22/10/16,Burnley,Everton
E0,22/10/16,Chelsea,Man United
E0,22/10/16,Hull,Stoke
E0,22/10/16,Leicester,Crystal Palace
E0,22/10/16,Liverpool,West Brom
E0,22/10/16,Man City,Southampton
E0,22/10/16,Swansea,Watford
E0,22/10/16,West Ham,Sunderland
E0,29/10/16,Crystal Palace,Liverpool
E0,29/10/16,Everton,West Ham
E0,29/10/16,Man United,Burnley
E0,29/10/16,Middlesbrough,Bournemouth
E0,29/10/16,Southampton,Chelsea
E0,29/10/16,Stoke,Swansea
E0,29/10/16,Sunderland,Arsenal
E0,29/10/16,Tottenham,Leicester
E0,29/10/16,Watford,Hull
E0,29/10/16,West Brom,Man City
E0,05/11/16,Bournemouth,Sunderland
E0,05/11/16,Arsenal,Tottenham
E0,05/11/16,Burnley,Crystal Palace
E0,05/11/16,Chelsea,Everton
E0,05/11/16,Hull,Southampton
E0,05/11/16,Leicester,West Brom
E0,05/11/16,Liverpool,Watford
E0,05/11/16,Man City,Middlesbrough
E0,05/11/16,Swansea,Man United
E0,05/11/16,West Ham,Stoke
E0,19/11/16,Crystal Palace,Man City
E0,19/11/16,Everton,Swansea
E0,19/11/16,Man United,Arsenal
E0,19/11/16,Middlesbrough,Chelsea
E0,19/11/16,Southampton,Liverpool
E0,19/11/16,Stoke,Bournemouth
E0,19/11/16,Sunderland,Hull
E0,19/11/16,Tottenham,West Ham
E0,19/11/16,Watford,Leicester
E0,19/11/16,West Brom,Burnley
E0,26/11/16,Arsenal,Bournemouth
E0,26/11/16,Burnley,Man City
E0,26/11/16,Chelsea,Tottenham
E0,26/11/16,Hull,West Brom
E0,26/11/16,Leicester,Middlesbrough
E0,26/11/16,Liverpool,Sunderland
E0,26/11/16,Man United,West Ham
E0,26/11/16,Southampton,Everton
E0,26/11/16,Swansea,Crystal Palace
E0,26/11/16,Watford,Stoke
E0,03/12/16,Bournemouth,Liverpool
E0,03/12/16,Crystal Palace,Southampton
E0,03/12/16,Everton,Man United
E0,03/12/16,Man City,Chelsea
E0,03/12/16,Middlesbrough,Hull
E0,03/12/16,Stoke,Burnley
E0,03/12/16,Sunderland,Leicester
E0,03/12/16,Tottenham,Swansea
E0,03/12/16,West Brom,Watford
E0,03/12/16,West Ham,Arsenal
E0,10/12/16,Arsenal,Stoke
E0,10/12/16,Burnley,Bournemouth
E0,10/12/16,Chelsea,West Brom
E0,10/12/16,Hull,Crystal Palace
E0,10/12/16,Leicester,Man City
E0,10/12/16,Liverpool,West Ham
E0,10/12/16,Man United,Tottenham
E0,10/12/16,Southampton,Middlesbrough
E0,10/12/16,Swansea,Sunderland
E0,10/12/16,Watford,Everton
E0,13/12/16,Bournemouth,Leicester
E0,13/12/16,Crystal Palace,Man United
E0,13/12/16,Middlesbrough,Liverpool
E0,13/12/16,Sunderland,Chelsea
E0,13/12/16,West Brom,Swansea
E0,13/12/16,West Ham,Burnley
E0,14/12/16,Everton,Arsenal
E0,14/12/16,Man City,Watford
E0,14/12/16,Stoke,Southampton
E0,14/12/16,Tottenham,Hull
E0,17/12/16,Bournemouth,Southampton
E0,17/12/16,Crystal Palace,Chelsea
E0,17/12/16,Everton,Liverpool
E0,17/12/16,Man City,Arsenal
E0,17/12/16,Middlesbrough,Swansea
E0,17/12/16,Stoke,Leicester
E0,17/12/16,Sunderland,Watford
E0,17/12/16,Tottenham,Burnley
E0,17/12/16,West Brom,Man United
E0,17/12/16,West Ham,Hull
E0,26/12/16,Arsenal,West Brom
E0,26/12/16,Burnley,Middlesbrough
E0,26/12/16,Chelsea,Bournemouth
E0,26/12/16,Hull,Man City
E0,26/12/16,Leicester,Everton
E0,26/12/16,Liverpool,Stoke
E0,26/12/16,Man United,Sunderland
E0,26/12/16,Southampton,Tottenham
E0,26/12/16,Swansea,West Ham
E0,26/12/16,Watford,Crystal Palace
E0,31/12/16,Arsenal,Crystal Palace
E0,31/12/16,Burnley,Sunderland
E0,31/12/16,Chelsea,Stoke
E0,31/12/16,Hull,Everton
E0,31/12/16,Leicester,West Ham
E0,31/12/16,Liverpool,Man City
E0,31/12/16,Man United,Middlesbrough
E0,31/12/16,Southampton,West Brom
E0,31/12/16,Swansea,Bournemouth
E0,31/12/16,Watford,Tottenham
E0,02/01/17,Bournemouth,Arsenal
E0,02/01/17,Crystal Palace,Swansea
E0,02/01/17,Everton,Southampton
E0,02/01/17,Man City,Burnley
E0,02/01/17,Middlesbrough,Leicester
E0,02/01/17,Stoke,Watford
E0,02/01/17,Sunderland,Liverpool
E0,02/01/17,Tottenham,Chelsea
E0,02/01/17,West Brom,Hull
E0,02/01/17,West Ham,Man United
E0,14/01/17,Burnley,Southampton
E0,14/01/17,Everton,Man City
E0,14/01/17,Hull,Bournemouth
E0,14/01/17,Leicester,Chelsea
E0,14/01/17,Man United,Liverpool
E0,14/01/17,Sunderland,Stoke
E0,14/01/17,Swansea,Arsenal
E0,14/01/17,Tottenham,West Brom
E0,14/01/17,Watford,Middlesbrough
E0,14/01/17,West Ham,Crystal Palace
E0,21/01/17,Bournemouth,Watford
E0,21/01/17,Arsenal,Burnley
E0,21/01/17,Chelsea,Hull
E0,21/01/17,Crystal Palace,Everton
E0,21/01/17,Liverpool,Swansea
E0,21/01/17,Man City,Tottenham
E0,21/01/17,Middlesbrough,West Ham
E0,21/01/17,Southampton,Leicester
E0,21/01/17,Stoke,Man United
E0,21/01/17,West Brom,Sunderland
E0,31/01/17,Bournemouth,Crystal Palace
E0,31/01/17,Arsenal,Watford
E0,31/01/17,Burnley,Leicester
E0,31/01/17,Man United,Hull
E0,31/01/17,Middlesbrough,West Brom
E0,31/01/17,Sunderland,Tottenham
E0,31/01/17,Swansea,Southampton
E0,31/01/17,West Ham,Man City
E0,01/02/17,Liverpool,Chelsea
E0,01/02/17,Stoke,Everton
E0,04/02/17,Chelsea,Arsenal
E0,04/02/17,Crystal Palace,Sunderland
E0,04/02/17,Everton,Bournemouth
E0,04/02/17,Hull,Liverpool
E0,04/02/17,Leicester,Man United
E0,04/02/17,Man City,Swansea
E0,04/02/17,Southampton,West Ham
E0,04/02/17,Tottenham,Middlesbrough
E0,04/02/17,Watford,Burnley
E0,04/02/17,West Brom,Stoke
E0,11/02/17,Bournemouth,Man City
E0,11/02/17,Arsenal,Hull
E0,11/02/17,Burnley,Chelsea
E0,11/02/17,Liverpool,Tottenham
E0,11/02/17,Man United,Watford
E0,11/02/17,Middlesbrough,Everton
E0,11/02/17,Stoke,Crystal Palace
E0,11/02/17,Sunderland,Southampton
E0,11/02/17,Swansea,Leicester
E0,11/02/17,West Ham,West Brom
E0,25/02/17,Chelsea,Swansea
E0,25/02/17,Crystal Palace,Middlesbrough
E0,25/02/17,Everton,Sunderland
E0,25/02/17,Hull,Burnley
E0,25/02/17,Leicester,Liverpool
E0,25/02/17,Man City,Man United
E0,25/02/17,Southampton,Arsenal
E0,25/02/17,Tottenham,Stoke
E0,25/02/17,Watford,West Ham
E0,25/02/17,West Brom,Bournemouth
E0,04/03/17,Leicester,Hull
E0,04/03/17,Liverpool,Arsenal
E0,04/03/17,Man United,Bournemouth
E0,04/03/17,Stoke,Middlesbrough
E0,04/03/17,Sunderland,Man City
E0,04/03/17,Swansea,Burnley
E0,04/03/17,Tottenham,Everton
E0,04/03/17,Watford,Southampton
E0,04/03/17,West Brom,Crystal Palace
E0,04/03/17,West Ham,Chelsea
E0,11/03/17,Bournemouth,West Ham
E0,11/03/17,Arsenal,Leicester
E0,11/03/17,Burnley,Liverpool
E0,11/03/17,Chelsea,Watford
E0,11/03/17,Crystal Palace,Tottenham
E0,11/03/17,Everton,West Brom
E0,11/03/17,Hull,Swansea
E0,11/03/17,Man City,Stoke
E0,11/03/17,Middlesbrough,Sunderland
E0,11/03/17,Southampton,Man United
E0,18/03/17,Bournemouth,Swansea
E0,18/03/17,Crystal Palace,Watford
E0,18/03/17,Everton,Hull
E0,18/03/17,Man City,Liverpool
E0,18/03/17,Middlesbrough,Man United
E0,18/03/17,Stoke,Chelsea
E0,18/03/17,Sunderland,Burnley
E0,18/03/17,Tottenham,Southampton
E0,18/03/17,West Brom,Arsenal
E0,18/03/17,West Ham,Leicester
E0,01/04/17,Arsenal,Man City
E0,01/04/17,Burnley,Tottenham
E0,01/04/17,Chelsea,Crystal Palace
E0,01/04/17,Hull,West Ham
E0,01/04/17,Leicester,Stoke
E0,01/04/17,Liverpool,Everton
E0,01/04/17,Man United,West Brom
E0,01/04/17,Southampton,Bournemouth
E0,01/04/17,Swansea,Middlesbrough
E0,01/04/17,Watford,Sunderland
E0,04/04/17,Arsenal,West Ham
E0,04/04/17,Burnley,Stoke
E0,04/04/17,Hull,Middlesbrough
E0,04/04/17,Leicester,Sunderland
E0,04/04/17,Man United,Everton
E0,04/04/17,Swansea,Tottenham
E0,04/04/17,Watford,West Brom
E0,05/04/17,Chelsea,Man City
E0,05/04/17,Liverpool,Bournemouth
E0,05/04/17,Southampton,Crystal Palace
E0,08/04/17,Bournemouth,Chelsea
E0,08/04/17,Crystal Palace,Arsenal
E0,08/04/17,Everton,Leicester
E0,08/04/17,Man City,Hull
E0,08/04/17,Middlesbrough,Burnley
E0,08/04/17,Stoke,Liverpool
E0,08/04/17,Sunderland,Man United
E0,08/04/17,Tottenham,Watford
E0,08/04/17,West Brom,Southampton
E0,08/04/17,West Ham,Swansea
E0,15/04/17,Crystal Palace,Leicester
E0,15/04/17,Everton,Burnley
E0,15/04/17,Man United,Chelsea
E0,15/04/17,Middlesbrough,Arsenal
E0,15/04/17,Southampton,Man City
E0,15/04/17,Stoke,Hull
E0,15/04/17,Sunderland,West Ham
E0,15/04/17,Tottenham,Bournemouth
E0,15/04/17,Watford,Swansea
E0,15/04/17,West Brom,Liverpool
E0,22/04/17,Bournemouth,Middlesbrough
E0,22/04/17,Arsenal,Sunderland
E0,22/04/17,Burnley,Man United
E0,22/04/17,Chelsea,Southampton
E0,22/04/17,Hull,Watford
E0,22/04/17,Leicester,Tottenham
E0,22/04/17,Liverpool,Crystal Palace
E0,22/04/17,Man City,West Brom
E0,22/04/17,Swansea,Stoke
E0,22/04/17,West Ham,Everton
E0,29/04/17,Crystal Palace,Burnley
E0,29/04/17,Everton,Chelsea
E0,29/04/17,Man United,Swansea
E0,29/04/17,Middlesbrough,Man City
E0,29/04/17,Southampton,Hull
E0,29/04/17,Stoke,West Ham
E0,29/04/17,Sunderland,Bournemouth
E0,29/04/17,Tottenham,Arsenal
E0,29/04/17,Watford,Liverpool
E0,29/04/17,West Brom,Leicester
E0,06/05/17,Bournemouth,Stoke
E0,06/05/17,Arsenal,Man United
E0,06/05/17,Burnley,West Brom
E0,06/05/17,Chelsea,Middlesbrough
E0,06/05/17,Hull,Sunderland
E0,06/05/17,Leicester,Watford
E0,06/05/17,Liverpool,Southampton
E0,06/05/17,Man City,Crystal Palace
E0,06/05/17,Swansea,Everton
E0,06/05/17,West Ham,Tottenham
E0,13/05/17,Bournemouth,Burnley
E0,13/05/17,Crystal Palace,Hull
E0,13/05/17,Everton,Watford
E0,13/05/17,Man City,Leicester
E0,13/05/17,Middlesbrough,Southampton
E0,13/05/17,Stoke,Arsenal
E0,13/05/17,Sunderland,Swansea
E0,13/05/17,Tottenham,Man United
E0,13/05/17,West Brom,Chelsea
E0,13/05/17,West Ham,Liverpool
E0,21/05/17,Arsenal,Everton
E0,21/05/17,Burnley,West Ham
E0,21/05/17,Chelsea,Sunderland
E0,21/05/17,Hull,Tottenham
E0,21/05/17,Leicester,Bournemouth
E0,21/05/17,Liverpool,Middlesbrough
E0,21/05/17,Man United,Crystal Palace
E0,21/05/17,Southampton,Stoke
E0,21/05/17,Swansea,West Brom
E0,21/05/17,Watford,Man City
